DATE,SD,RN
2015-12-31 00:00:00-09:00,119.38,0.0
2016-01-01 00:00:00-09:00,118.872,0.0
2016-01-02 00:00:00-09:00,112.776,0.254
2016-01-03 00:00:00-09:00,126.49199999999999,0.0
2016-01-04 00:00:00-09:00,123.19,0.0
2016-01-05 00:00:00-09:00,118.872,0.0
2016-01-06 00:00:00-09:00,115.57000000000001,0.0
2016-01-07 00:00:00-09:00,113.53800000000001,0.0
2016-01-08 00:00:00-09:00,111.252,0.0
2016-01-09 00:00:00-09:00,109.474,0.0
2016-01-10 00:00:00-09:00,107.442,0.0
2016-01-11 00:00:00-09:00,104.902,0.0
2016-01-12 00:00:00-09:00,116.84,0.0
2016-01-13 00:00:00-09:00,109.72800000000001,0.0
2016-01-14 00:00:00-09:00,110.236,0.0
2016-01-15 00:00:00-09:00,113.79199999999999,0.0
2016-01-16 00:00:00-09:00,110.236,0.0
2016-01-17 00:00:00-09:00,108.45800000000001,0.0
2016-01-18 00:00:00-09:00,106.68,0.0
2016-01-19 00:00:00-09:00,104.14,0.0
2016-01-20 00:00:00-09:00,103.37800000000001,0.0
2016-01-21 00:00:00-09:00,102.87,0.0
2016-01-22 00:00:00-09:00,101.854,0.0
2016-01-23 00:00:00-09:00,101.6,0.0
2016-01-24 00:00:00-09:00,101.854,0.0
2016-01-25 00:00:00-09:00,101.346,0.0
2016-01-26 00:00:00-09:00,100.076,0.0
2016-01-27 00:00:00-09:00,112.26800000000001,0.254
2016-01-28 00:00:00-09:00,110.49,0.0
2016-01-29 00:00:00-09:00,108.71199999999999,0.0
2016-01-30 00:00:00-09:00,111.506,0.0
2016-01-31 00:00:00-09:00,110.236,0.0
2016-02-01 00:00:00-09:00,109.474,0.0
2016-02-02 00:00:00-09:00,107.95,0.254
2016-02-03 00:00:00-09:00,110.998,0.0
2016-02-04 00:00:00-09:00,108.966,0.0
2016-02-05 00:00:00-09:00,107.95,0.0
2016-02-06 00:00:00-09:00,107.696,0.0
2016-02-07 00:00:00-09:00,106.68,0.0
2016-02-08 00:00:00-09:00,106.172,0.0
2016-02-09 00:00:00-09:00,105.15599999999999,0.0
2016-02-10 00:00:00-09:00,105.15599999999999,0.0
2016-02-11 00:00:00-09:00,104.902,0.254
2016-02-12 00:00:00-09:00,105.15599999999999,0.0
2016-02-13 00:00:00-09:00,103.886,0.0
2016-02-14 00:00:00-09:00,104.14,0.0
2016-02-15 00:00:00-09:00,102.87,1.016
2016-02-16 00:00:00-09:00,103.886,0.0
2016-02-17 00:00:00-09:00,102.616,0.0
2016-02-18 00:00:00-09:00,104.14,0.0
2016-02-19 00:00:00-09:00,104.394,0.0
2016-02-20 00:00:00-09:00,104.14,0.762
2016-02-21 00:00:00-09:00,106.172,0.0
2016-02-22 00:00:00-09:00,104.902,0.0
2016-02-23 00:00:00-09:00,106.426,0.0
2016-02-24 00:00:00-09:00,104.902,0.0
2016-02-25 00:00:00-09:00,103.886,1.27
2016-02-26 00:00:00-09:00,106.68,0.0
2016-02-27 00:00:00-09:00,105.41,0.0
2016-02-28 00:00:00-09:00,104.14,0.0
2016-02-29 00:00:00-09:00,107.188,0.254
2016-03-01 00:00:00-09:00,105.41,0.0
2016-03-02 00:00:00-09:00,104.902,0.0
2016-03-03 00:00:00-09:00,104.902,0.0
2016-03-04 00:00:00-09:00,104.394,0.0
2016-03-05 00:00:00-09:00,104.14,0.0
2016-03-06 00:00:00-09:00,103.63199999999999,0.0
2016-03-07 00:00:00-09:00,103.886,0.0
2016-03-08 00:00:00-09:00,104.902,0.508
2016-03-09 00:00:00-09:00,104.14,0.0
2016-03-10 00:00:00-09:00,104.14,0.0
2016-03-11 00:00:00-09:00,104.394,0.0
2016-03-12 00:00:00-09:00,104.394,0.0
2016-03-13 00:00:00-09:00,103.37800000000001,0.0
2016-03-14 00:00:00-08:00,104.14,0.0
2016-03-15 00:00:00-08:00,104.14,0.0
2016-03-16 00:00:00-08:00,103.886,0.0
2016-03-17 00:00:00-08:00,103.63199999999999,1.016
2016-03-18 00:00:00-08:00,117.856,1.27
2016-03-19 00:00:00-08:00,134.112,0.762
2016-03-20 00:00:00-08:00,134.62,2.032
2016-03-21 00:00:00-08:00,128.524,3.556
2016-03-22 00:00:00-08:00,125.73,0.0
2016-03-23 00:00:00-08:00,123.19,0.0
2016-03-24 00:00:00-08:00,120.90400000000001,0.0
2016-03-25 00:00:00-08:00,119.888,0.0
2016-03-26 00:00:00-08:00,118.364,0.0
2016-03-27 00:00:00-08:00,117.34800000000001,0.508
2016-03-28 00:00:00-08:00,129.54,7.366
2016-03-29 00:00:00-08:00,147.574,6.857999999999999
2016-03-30 00:00:00-08:00,171.45,16.509999999999998
2016-03-31 00:00:00-08:00,150.62199999999999,0.0
2016-04-01 00:00:00-08:00,141.478,4.8260000000000005
2016-04-02 00:00:00-08:00,147.828,1.016
2016-04-03 00:00:00-08:00,140.97,0.0
2016-04-04 00:00:00-08:00,140.462,0.0
2016-04-05 00:00:00-08:00,139.7,0.0
2016-04-06 00:00:00-08:00,138.43,0.0
2016-04-07 00:00:00-08:00,138.684,1.524
2016-04-08 00:00:00-08:00,140.716,1.778
2016-04-09 00:00:00-08:00,139.192,0.0
2016-04-10 00:00:00-08:00,138.43,0.254
2016-04-11 00:00:00-08:00,136.906,0.0
2016-04-12 00:00:00-08:00,134.874,0.0
2016-04-13 00:00:00-08:00,134.112,0.0
2016-04-14 00:00:00-08:00,133.096,0.0
2016-04-15 00:00:00-08:00,133.35,0.0
2016-04-16 00:00:00-08:00,133.35,0.508
2016-04-17 00:00:00-08:00,133.604,0.0
2016-04-18 00:00:00-08:00,132.84199999999998,0.254
2016-04-19 00:00:00-08:00,130.81,0.0
2016-04-20 00:00:00-08:00,129.794,0.0
2016-04-21 00:00:00-08:00,129.03199999999998,0.0
2016-04-22 00:00:00-08:00,128.016,0.0
2016-04-23 00:00:00-08:00,124.714,0.0
2016-04-24 00:00:00-08:00,119.888,1.778
2016-04-25 00:00:00-08:00,113.284,4.572
2016-04-26 00:00:00-08:00,113.03,0.0
2016-04-27 00:00:00-08:00,112.52199999999999,1.524
2016-04-28 00:00:00-08:00,108.966,0.0
2016-04-29 00:00:00-08:00,107.442,0.0
2016-04-30 00:00:00-08:00,105.15599999999999,0.0
2016-05-01 00:00:00-08:00,103.63199999999999,0.0
2016-05-02 00:00:00-08:00,102.362,3.81
2016-05-03 00:00:00-08:00,106.426,0.0
2016-05-04 00:00:00-08:00,102.87,0.0
2016-05-05 00:00:00-08:00,101.6,0.0
2016-05-06 00:00:00-08:00,101.346,1.524
2016-05-07 00:00:00-08:00,101.092,0.0
2016-05-08 00:00:00-08:00,99.82199999999999,0.0
2016-05-09 00:00:00-08:00,100.076,14.986
2016-05-10 00:00:00-08:00,103.37800000000001,0.0
2016-05-11 00:00:00-08:00,100.33,0.0
2016-05-12 00:00:00-08:00,95.25,0.0
2016-05-13 00:00:00-08:00,88.9,0.0
2016-05-14 00:00:00-08:00,81.78800000000001,0.0
2016-05-15 00:00:00-08:00,74.676,0.0
2016-05-16 00:00:00-08:00,68.326,0.762
2016-05-17 00:00:00-08:00,70.104,8.128
2016-05-18 00:00:00-08:00,65.532,0.0
2016-05-19 00:00:00-08:00,58.928,0.0
2016-05-20 00:00:00-08:00,53.34,9.906
2016-05-21 00:00:00-08:00,51.054,11.176
2016-05-22 00:00:00-08:00,43.942,0.0
2016-05-23 00:00:00-08:00,39.624,0.0
2016-05-24 00:00:00-08:00,32.512,3.302
2016-05-25 00:00:00-08:00,27.686,0.508
2016-05-26 00:00:00-08:00,23.622000000000003,0.0
2016-05-27 00:00:00-08:00,18.796000000000003,0.0
2016-05-28 00:00:00-08:00,12.7,0.0
2016-05-29 00:00:00-08:00,6.8580000000000005,0.0
2016-05-30 00:00:00-08:00,1.016,0.0
2016-05-31 00:00:00-08:00,2.286,0.0
2016-06-01 00:00:00-08:00,1.27,0.0
2016-06-02 00:00:00-08:00,4.572,3.556
2016-06-03 00:00:00-08:00,1.016,9.398
2016-06-04 00:00:00-08:00,0.0,3.048
2016-06-05 00:00:00-08:00,4.318,0.508
2016-06-06 00:00:00-08:00,4.064,8.636
2016-06-07 00:00:00-08:00,1.524,0.508
2016-06-08 00:00:00-08:00,5.3340000000000005,0.0
2016-06-09 00:00:00-08:00,4.572,0.0
2016-06-10 00:00:00-08:00,6.604,0.0
2016-06-11 00:00:00-08:00,9.398000000000001,2.794
2016-06-12 00:00:00-08:00,9.906,0.0
2016-06-13 00:00:00-08:00,4.064,1.778
2016-06-14 00:00:00-08:00,12.192,0.0
2016-06-15 00:00:00-08:00,16.764,0.0
2016-06-16 00:00:00-08:00,16.256,0.0
2016-06-17 00:00:00-08:00,19.304,0.0
2016-06-18 00:00:00-08:00,21.843999999999998,0.0
2016-06-19 00:00:00-08:00,21.59,0.0
2016-06-20 00:00:00-08:00,22.86,6.096
2016-06-21 00:00:00-08:00,23.114,0.0
2016-06-22 00:00:00-08:00,24.384,0.0
2016-06-23 00:00:00-08:00,25.907999999999998,0.0
2016-06-24 00:00:00-08:00,27.432000000000002,1.27
2016-06-25 00:00:00-08:00,27.432000000000002,3.556
2016-06-26 00:00:00-08:00,27.686,3.302
2016-06-27 00:00:00-08:00,31.75,0.0
2016-06-28 00:00:00-08:00,30.988,0.0
2016-06-29 00:00:00-08:00,36.83,0.254
2016-06-30 00:00:00-08:00,1.27,7.112
2016-07-01 00:00:00-08:00,0.0,0.508
2016-07-02 00:00:00-08:00,0.508,0.0
2016-07-03 00:00:00-08:00,0.0,1.524
2016-07-04 00:00:00-08:00,0.0,2.286
2016-07-05 00:00:00-08:00,0.0,0.254
2016-07-06 00:00:00-08:00,5.08,0.508
2016-07-07 00:00:00-08:00,3.5559999999999996,0.0
2016-07-08 00:00:00-08:00,2.286,0.0
2016-07-09 00:00:00-08:00,0.0,0.0
2016-07-10 00:00:00-08:00,3.5559999999999996,0.0
2016-07-11 00:00:00-08:00,0.762,0.0
2016-07-12 00:00:00-08:00,0.0,0.0
2016-07-13 00:00:00-08:00,1.524,0.0
2016-07-14 00:00:00-08:00,0.0,0.0
2016-07-15 00:00:00-08:00,0.0,0.0
2016-07-16 00:00:00-08:00,0.0,0.0
2016-07-17 00:00:00-08:00,0.508,0.0
2016-07-18 00:00:00-08:00,0.0,0.0
2016-07-19 00:00:00-08:00,0.0,0.0
2016-07-20 00:00:00-08:00,0.762,2.032
2016-07-21 00:00:00-08:00,0.0,15.239999999999998
2016-07-22 00:00:00-08:00,0.0,14.732
2016-07-23 00:00:00-08:00,0.0,7.619999999999999
2016-07-24 00:00:00-08:00,0.0,44.449999999999996
2016-07-25 00:00:00-08:00,0.0,37.846
2016-07-26 00:00:00-08:00,0.0,3.556
2016-07-27 00:00:00-08:00,0.0,8.636
2016-07-28 00:00:00-08:00,5.3340000000000005,1.016
2016-07-29 00:00:00-08:00,1.016,0.0
2016-07-30 00:00:00-08:00,1.27,0.0
2016-07-31 00:00:00-08:00,2.286,0.0
2016-08-01 00:00:00-08:00,0.254,0.0
2016-08-02 00:00:00-08:00,0.0,5.079999999999999
2016-08-03 00:00:00-08:00,0.0,0.0
2016-08-04 00:00:00-08:00,0.0,9.652000000000001
2016-08-05 00:00:00-08:00,0.0,33.782000000000004
2016-08-06 00:00:00-08:00,0.0,22.351999999999997
2016-08-07 00:00:00-08:00,0.0,11.43
2016-08-08 00:00:00-08:00,0.0,11.684
2016-08-09 00:00:00-08:00,0.0,17.272000000000002
2016-08-10 00:00:00-08:00,6.096,0.0
2016-08-11 00:00:00-08:00,0.0,7.874
2016-08-12 00:00:00-08:00,0.0,33.27400000000001
2016-08-13 00:00:00-08:00,0.0,1.27
2016-08-14 00:00:00-08:00,0.0,1.016
2016-08-15 00:00:00-08:00,0.0,9.144
2016-08-16 00:00:00-08:00,0.0,4.571999999999999
2016-08-17 00:00:00-08:00,0.254,0.762
2016-08-18 00:00:00-08:00,6.096,3.556
2016-08-19 00:00:00-08:00,0.0,0.254
2016-08-20 00:00:00-08:00,0.0,0.0
2016-08-21 00:00:00-08:00,0.0,0.0
2016-08-22 00:00:00-08:00,2.7940000000000005,10.668
2016-08-23 00:00:00-08:00,0.0,14.224
2016-08-24 00:00:00-08:00,2.7940000000000005,35.306
2016-08-25 00:00:00-08:00,0.0,81.53400000000002
2016-08-26 00:00:00-08:00,0.0,0.254
2016-08-27 00:00:00-08:00,6.8580000000000005,0.0
2016-08-28 00:00:00-08:00,0.254,0.0
2016-08-29 00:00:00-08:00,3.5559999999999996,0.0
2016-08-30 00:00:00-08:00,0.0,0.0
2016-08-31 00:00:00-08:00,0.0,0.0
2016-09-01 00:00:00-08:00,6.35,0.0
2016-09-02 00:00:00-08:00,7.8740000000000006,0.0
2016-09-03 00:00:00-08:00,0.0,0.0
2016-09-04 00:00:00-08:00,0.0,0.0
2016-09-05 00:00:00-08:00,0.0,0.254
2016-09-06 00:00:00-08:00,0.0,22.098000000000003
2016-09-07 00:00:00-08:00,0.0,0.762
2016-09-08 00:00:00-08:00,6.35,2.286
2016-09-09 00:00:00-08:00,0.0,0.0
2016-09-10 00:00:00-08:00,0.508,0.0
2016-09-11 00:00:00-08:00,0.0,7.62
2016-09-12 00:00:00-08:00,0.0,49.275999999999996
2016-09-13 00:00:00-08:00,0.0,8.128
2016-09-14 00:00:00-08:00,0.0,2.54
2016-09-15 00:00:00-08:00,0.0,13.97
2016-09-16 00:00:00-08:00,0.0,11.43
2016-09-17 00:00:00-08:00,0.0,0.254
2016-09-18 00:00:00-08:00,8.636,0.0
2016-09-19 00:00:00-08:00,0.0,0.0
2016-09-20 00:00:00-08:00,5.3340000000000005,0.0
2016-09-21 00:00:00-08:00,0.0,0.508
2016-09-22 00:00:00-08:00,0.0,21.590000000000003
2016-09-23 00:00:00-08:00,0.0,3.048
2016-09-24 00:00:00-08:00,0.0,1.016
2016-09-25 00:00:00-08:00,0.0,3.302
2016-09-26 00:00:00-08:00,0.0,0.762
2016-09-27 00:00:00-08:00,6.096,0.0
2016-09-28 00:00:00-08:00,3.302,0.0
2016-09-29 00:00:00-08:00,5.3340000000000005,0.0
2016-09-30 00:00:00-08:00,0.254,0.0
2016-10-01 00:00:00-08:00,0.0,0.0
2016-10-02 00:00:00-08:00,0.0,0.0
2016-10-03 00:00:00-08:00,0.0,0.0
2016-10-04 00:00:00-08:00,6.096,0.0
2016-10-05 00:00:00-08:00,6.35,0.0
2016-10-06 00:00:00-08:00,6.604,0.0
2016-10-07 00:00:00-08:00,6.35,0.0
2016-10-08 00:00:00-08:00,6.35,0.0
2016-10-09 00:00:00-08:00,0.254,0.0
2016-10-10 00:00:00-08:00,5.08,0.0
2016-10-11 00:00:00-08:00,0.254,0.0
2016-10-12 00:00:00-08:00,0.0,0.0
2016-10-13 00:00:00-08:00,0.0,0.0
2016-10-14 00:00:00-08:00,0.0,1.524
2016-10-15 00:00:00-08:00,0.0,0.0
2016-10-16 00:00:00-08:00,0.0,0.0
2016-10-17 00:00:00-08:00,0.0,0.0
2016-10-18 00:00:00-08:00,0.0,0.254
2016-10-19 00:00:00-08:00,0.0,0.0
2016-10-20 00:00:00-08:00,0.0,0.0
2016-10-21 00:00:00-08:00,0.0,0.254
2016-10-22 00:00:00-08:00,0.0,0.0
2016-10-23 00:00:00-08:00,0.0,0.0
2016-10-24 00:00:00-08:00,0.0,0.0
2016-10-25 00:00:00-08:00,0.0,0.0
2016-10-26 00:00:00-08:00,0.0,0.0
2016-10-27 00:00:00-08:00,0.0,0.0
2016-10-28 00:00:00-08:00,0.0,0.0
2016-10-29 00:00:00-08:00,0.0,0.0
2016-10-30 00:00:00-08:00,0.0,0.254
2016-10-31 00:00:00-08:00,0.0,0.0
2016-11-01 00:00:00-08:00,2.286,0.0
2016-11-02 00:00:00-08:00,0.0,0.0
2016-11-03 00:00:00-08:00,0.0,0.0
2016-11-04 00:00:00-08:00,0.0,0.0
2016-11-05 00:00:00-08:00,0.0,0.0
2016-11-06 00:00:00-08:00,0.0,1.27
2016-11-07 00:00:00-09:00,0.0,0.0
2016-11-08 00:00:00-09:00,0.0,0.0
2016-11-09 00:00:00-09:00,0.0,0.0
2016-11-10 00:00:00-09:00,0.0,0.0
2016-11-11 00:00:00-09:00,0.0,1.27
2016-11-12 00:00:00-09:00,0.0,0.254
2016-11-13 00:00:00-09:00,1.524,0.0
2016-11-14 00:00:00-09:00,0.0,0.0
2016-11-15 00:00:00-09:00,0.762,0.0
2016-11-16 00:00:00-09:00,0.508,0.0
2016-11-17 00:00:00-09:00,0.254,0.0
2016-11-18 00:00:00-09:00,0.0,0.0
2016-11-19 00:00:00-09:00,0.254,0.0
2016-11-20 00:00:00-09:00,0.254,0.0
2016-11-21 00:00:00-09:00,0.508,0.0
2016-11-22 00:00:00-09:00,0.762,0.0
2016-11-23 00:00:00-09:00,0.762,0.0
2016-11-24 00:00:00-09:00,0.508,0.0
2016-11-25 00:00:00-09:00,0.508,0.0
2016-11-26 00:00:00-09:00,2.7940000000000005,0.0
2016-11-27 00:00:00-09:00,3.5559999999999996,0.0
2016-11-28 00:00:00-09:00,3.302,0.0
2016-11-29 00:00:00-09:00,19.558,0.0
2016-11-30 00:00:00-09:00,23.368,0.0
2016-12-01 00:00:00-09:00,18.034,0.0
2016-12-02 00:00:00-09:00,23.622000000000003,0.0
2016-12-03 00:00:00-09:00,19.558,0.0
2016-12-04 00:00:00-09:00,22.86,0.0
2016-12-05 00:00:00-09:00,21.59,0.0
2016-12-06 00:00:00-09:00,20.573999999999998,0.0
2016-12-07 00:00:00-09:00,22.606,0.0
2016-12-08 00:00:00-09:00,21.082,0.0
2016-12-09 00:00:00-09:00,19.558,0.0
2016-12-10 00:00:00-09:00,20.066000000000003,0.0
2016-12-11 00:00:00-09:00,19.812,0.0
2016-12-12 00:00:00-09:00,20.32,0.0
2016-12-13 00:00:00-09:00,20.066000000000003,0.0
2016-12-14 00:00:00-09:00,19.812,0.0
2016-12-15 00:00:00-09:00,19.812,0.0
2016-12-16 00:00:00-09:00,19.812,0.0
2016-12-17 00:00:00-09:00,56.895999999999994,0.0
2016-12-18 00:00:00-09:00,67.056,0.0
2016-12-19 00:00:00-09:00,61.214000000000006,0.0
2016-12-20 00:00:00-09:00,72.39,0.0
2016-12-21 00:00:00-09:00,65.278,0.0
2016-12-22 00:00:00-09:00,63.5,0.0
2016-12-23 00:00:00-09:00,59.182,0.0
2016-12-24 00:00:00-09:00,57.912000000000006,0.0
2016-12-25 00:00:00-09:00,56.388,0.0
2016-12-26 00:00:00-09:00,53.594,0.0
2016-12-27 00:00:00-09:00,50.292,0.0
2016-12-28 00:00:00-09:00,52.07,0.0
2016-12-29 00:00:00-09:00,55.372,0.0
2016-12-30 00:00:00-09:00,57.15,0.0
2016-12-31 00:00:00-09:00,65.532,0.0
2017-01-01 00:00:00-09:00,60.96,0.0
2017-01-02 00:00:00-09:00,62.484,0.0
2017-01-03 00:00:00-09:00,59.182,0.0
2017-01-04 00:00:00-09:00,56.388,0.0
2017-01-05 00:00:00-09:00,51.054,0.0
2017-01-06 00:00:00-09:00,48.768,0.254
2017-01-07 00:00:00-09:00,70.61200000000001,0.0
2017-01-08 00:00:00-09:00,69.596,0.0
2017-01-09 00:00:00-09:00,69.088,0.0
2017-01-10 00:00:00-09:00,68.834,0.0
2017-01-11 00:00:00-09:00,68.326,0.0
2017-01-12 00:00:00-09:00,67.31,0.0
2017-01-13 00:00:00-09:00,63.5,0.0
2017-01-14 00:00:00-09:00,67.056,0.0
2017-01-15 00:00:00-09:00,65.786,0.0
2017-01-16 00:00:00-09:00,67.818,0.0
2017-01-17 00:00:00-09:00,107.696,0.0
2017-01-18 00:00:00-09:00,100.33,0.0
2017-01-19 00:00:00-09:00,94.48800000000001,0.0
2017-01-20 00:00:00-09:00,90.67800000000001,0.0
2017-01-21 00:00:00-09:00,90.93199999999999,0.0
2017-01-22 00:00:00-09:00,88.138,0.0
2017-01-23 00:00:00-09:00,89.15400000000001,0.0
2017-01-24 00:00:00-09:00,92.456,0.0
2017-01-25 00:00:00-09:00,106.93400000000001,0.0
2017-01-26 00:00:00-09:00,104.64800000000001,0.0
2017-01-27 00:00:00-09:00,105.664,0.0
2017-01-28 00:00:00-09:00,105.664,0.0
2017-01-29 00:00:00-09:00,113.79199999999999,0.0
2017-01-30 00:00:00-09:00,112.01400000000001,0.0
2017-01-31 00:00:00-09:00,108.71199999999999,0.0
2017-02-01 00:00:00-09:00,107.188,0.0
2017-02-02 00:00:00-09:00,105.41,0.0
2017-02-03 00:00:00-09:00,103.63199999999999,0.0
2017-02-04 00:00:00-09:00,103.12400000000001,0.0
2017-02-05 00:00:00-09:00,101.346,0.0
2017-02-06 00:00:00-09:00,100.584,0.0
2017-02-07 00:00:00-09:00,99.06,0.0
2017-02-08 00:00:00-09:00,98.55199999999999,0.0
2017-02-09 00:00:00-09:00,97.79,0.0
2017-02-10 00:00:00-09:00,97.79,0.0
2017-02-11 00:00:00-09:00,97.536,0.0
2017-02-12 00:00:00-09:00,103.37800000000001,0.0
2017-02-13 00:00:00-09:00,99.56800000000001,0.0
2017-02-14 00:00:00-09:00,122.68199999999999,0.0
2017-02-15 00:00:00-09:00,115.316,0.0
2017-02-16 00:00:00-09:00,121.666,0.0
2017-02-17 00:00:00-09:00,118.11,0.0
2017-02-18 00:00:00-09:00,116.332,0.254
2017-02-19 00:00:00-09:00,118.61800000000001,0.0
2017-02-20 00:00:00-09:00,117.09400000000001,0.0
2017-02-21 00:00:00-09:00,114.808,0.0
2017-02-22 00:00:00-09:00,113.284,0.0
2017-02-23 00:00:00-09:00,114.554,0.0
2017-02-24 00:00:00-09:00,113.53800000000001,4.572
2017-02-25 00:00:00-09:00,116.84,0.0
2017-02-26 00:00:00-09:00,115.316,0.0
2017-02-27 00:00:00-09:00,113.284,0.0
2017-02-28 00:00:00-09:00,113.79199999999999,0.0
2017-03-01 00:00:00-09:00,118.872,0.0
2017-03-02 00:00:00-09:00,117.856,0.0
2017-03-03 00:00:00-09:00,117.60199999999999,0.0
2017-03-04 00:00:00-09:00,117.34800000000001,0.0
2017-03-05 00:00:00-09:00,117.09400000000001,0.0
2017-03-06 00:00:00-09:00,116.586,0.254
2017-03-07 00:00:00-09:00,116.078,0.0
2017-03-08 00:00:00-09:00,116.078,0.0
2017-03-09 00:00:00-09:00,115.82400000000001,0.0
2017-03-10 00:00:00-09:00,115.57000000000001,0.0
2017-03-11 00:00:00-09:00,115.57000000000001,0.0
2017-03-12 00:00:00-09:00,115.062,0.0
2017-03-13 00:00:00-08:00,114.554,0.0
2017-03-14 00:00:00-08:00,113.79199999999999,0.0
2017-03-15 00:00:00-08:00,113.79199999999999,0.0
2017-03-16 00:00:00-08:00,115.316,0.0
2017-03-17 00:00:00-08:00,115.57000000000001,0.0
2017-03-18 00:00:00-08:00,114.554,0.254
2017-03-19 00:00:00-08:00,115.82400000000001,0.0
2017-03-20 00:00:00-08:00,116.332,0.0
2017-03-21 00:00:00-08:00,116.84,0.0
2017-03-22 00:00:00-08:00,119.888,0.0
2017-03-23 00:00:00-08:00,118.61800000000001,0.0
2017-03-24 00:00:00-08:00,120.142,0.0
2017-03-25 00:00:00-08:00,120.65,0.0
2017-03-26 00:00:00-08:00,121.15800000000002,0.0
2017-03-27 00:00:00-08:00,120.90400000000001,0.0
2017-03-28 00:00:00-08:00,119.888,0.254
2017-03-29 00:00:00-08:00,124.46000000000001,0.254
2017-03-30 00:00:00-08:00,127.0,1.016
2017-03-31 00:00:00-08:00,121.92,0.0
2017-04-01 00:00:00-08:00,118.364,0.0
2017-04-02 00:00:00-08:00,117.09400000000001,0.254
2017-04-03 00:00:00-08:00,118.872,0.0
2017-04-04 00:00:00-08:00,115.316,0.0
2017-04-05 00:00:00-08:00,114.04599999999999,0.0
2017-04-06 00:00:00-08:00,113.284,0.0
2017-04-07 00:00:00-08:00,113.284,0.0
2017-04-08 00:00:00-08:00,112.26800000000001,0.0
2017-04-09 00:00:00-08:00,112.776,0.0
2017-04-10 00:00:00-08:00,112.52199999999999,0.0
2017-04-11 00:00:00-08:00,112.01400000000001,0.0
2017-04-12 00:00:00-08:00,111.252,0.0
2017-04-13 00:00:00-08:00,111.506,0.0
2017-04-14 00:00:00-08:00,110.998,0.0
2017-04-15 00:00:00-08:00,110.744,0.0
2017-04-16 00:00:00-08:00,110.49,0.0
2017-04-17 00:00:00-08:00,110.236,0.0
2017-04-18 00:00:00-08:00,109.72800000000001,0.0
2017-04-19 00:00:00-08:00,109.72800000000001,0.0
2017-04-20 00:00:00-08:00,109.22,0.0
2017-04-21 00:00:00-08:00,109.22,0.0
2017-04-22 00:00:00-08:00,108.71199999999999,0.0
2017-04-23 00:00:00-08:00,108.20400000000001,0.0
2017-04-24 00:00:00-08:00,106.93400000000001,0.0
2017-04-25 00:00:00-08:00,104.902,0.762
2017-04-26 00:00:00-08:00,103.12400000000001,0.0
2017-04-27 00:00:00-08:00,102.616,2.286
2017-04-28 00:00:00-08:00,103.37800000000001,0.508
2017-04-29 00:00:00-08:00,104.394,0.762
2017-04-30 00:00:00-08:00,102.108,0.0
2017-05-01 00:00:00-08:00,101.6,0.254
2017-05-02 00:00:00-08:00,102.108,0.0
2017-05-03 00:00:00-08:00,100.83800000000001,0.0
2017-05-04 00:00:00-08:00,99.31400000000001,0.0
2017-05-05 00:00:00-08:00,98.04400000000001,0.0
2017-05-06 00:00:00-08:00,94.996,0.0
2017-05-07 00:00:00-08:00,92.202,0.0
2017-05-08 00:00:00-08:00,91.94800000000001,0.0
2017-05-09 00:00:00-08:00,87.122,9.652000000000001
2017-05-10 00:00:00-08:00,94.23400000000001,0.0
2017-05-11 00:00:00-08:00,89.15400000000001,0.0
2017-05-12 00:00:00-08:00,84.328,0.0
2017-05-13 00:00:00-08:00,77.978,0.0
2017-05-14 00:00:00-08:00,72.136,2.54
2017-05-15 00:00:00-08:00,69.596,0.0
2017-05-16 00:00:00-08:00,65.532,0.0
2017-05-17 00:00:00-08:00,60.452000000000005,0.0
2017-05-18 00:00:00-08:00,57.912000000000006,0.0
2017-05-19 00:00:00-08:00,54.102000000000004,1.016
2017-05-20 00:00:00-08:00,53.848,0.0
2017-05-21 00:00:00-08:00,50.038,9.144000000000002
2017-05-22 00:00:00-08:00,46.736,0.0
2017-05-23 00:00:00-08:00,45.974000000000004,0.0
2017-05-24 00:00:00-08:00,42.418,5.588000000000001
2017-05-25 00:00:00-08:00,46.482,2.032
2017-05-26 00:00:00-08:00,45.465999999999994,2.032
2017-05-27 00:00:00-08:00,43.434000000000005,0.0
2017-05-28 00:00:00-08:00,42.418,5.08
2017-05-29 00:00:00-08:00,37.846000000000004,1.016
2017-05-30 00:00:00-08:00,37.846000000000004,5.334
2017-05-31 00:00:00-08:00,33.274,0.0
2017-06-01 00:00:00-08:00,28.447999999999997,0.0
2017-06-02 00:00:00-08:00,21.336000000000002,0.0
2017-06-03 00:00:00-08:00,10.668000000000001,2.54
2017-06-04 00:00:00-08:00,10.414,8.128
2017-06-05 00:00:00-08:00,2.54,3.556
2017-06-06 00:00:00-08:00,0.0,0.0
2017-06-07 00:00:00-08:00,0.0,0.0
2017-06-08 00:00:00-08:00,0.0,0.0
2017-06-09 00:00:00-08:00,0.0,0.0
2017-06-10 00:00:00-08:00,0.0,0.0
2017-06-11 00:00:00-08:00,0.0,5.08
2017-06-12 00:00:00-08:00,0.0,5.334
2017-06-13 00:00:00-08:00,0.0,3.048
2017-06-14 00:00:00-08:00,0.0,1.524
2017-06-15 00:00:00-08:00,0.0,0.0
2017-06-16 00:00:00-08:00,0.0,0.762
2017-06-17 00:00:00-08:00,0.0,1.524
2017-06-18 00:00:00-08:00,0.0,0.0
2017-06-19 00:00:00-08:00,0.0,7.366000000000001
2017-06-20 00:00:00-08:00,0.0,14.985999999999999
2017-06-21 00:00:00-08:00,0.0,4.318
2017-06-22 00:00:00-08:00,0.0,0.0
2017-06-23 00:00:00-08:00,0.0,0.0
2017-06-24 00:00:00-08:00,0.0,0.508
2017-06-25 00:00:00-08:00,0.0,2.794
2017-06-26 00:00:00-08:00,0.0,5.334
2017-06-27 00:00:00-08:00,0.0,7.366
2017-06-28 00:00:00-08:00,0.0,3.556
2017-06-29 00:00:00-08:00,4.572,0.254
2017-06-30 00:00:00-08:00,0.0,1.524
2017-07-01 00:00:00-08:00,4.572,9.398
2017-07-02 00:00:00-08:00,0.0,12.7
2017-07-03 00:00:00-08:00,0.0,4.318
2017-07-04 00:00:00-08:00,0.0,0.0
2017-07-05 00:00:00-08:00,0.0,0.0
2017-07-06 00:00:00-08:00,10.16,5.08
2017-07-07 00:00:00-08:00,0.0,2.286
2017-07-08 00:00:00-08:00,10.414,28.956000000000003
2017-07-09 00:00:00-08:00,0.0,1.524
2017-07-10 00:00:00-08:00,0.0,8.889999999999999
2017-07-11 00:00:00-08:00,8.636,2.286
2017-07-12 00:00:00-08:00,9.652,0.0
2017-07-13 00:00:00-08:00,12.192,0.0
2017-07-14 00:00:00-08:00,13.208,0.0
2017-07-15 00:00:00-08:00,13.462,0.0
2017-07-16 00:00:00-08:00,11.938,0.0
2017-07-17 00:00:00-08:00,13.462,1.524
2017-07-18 00:00:00-08:00,13.462,0.0
2017-07-19 00:00:00-08:00,13.208,0.0
2017-07-20 00:00:00-08:00,11.43,0.0
2017-07-21 00:00:00-08:00,13.716000000000001,0.0
2017-07-22 00:00:00-08:00,13.97,0.0
2017-07-23 00:00:00-08:00,13.208,0.0
2017-07-24 00:00:00-08:00,13.208,0.0
2017-07-25 00:00:00-08:00,12.953999999999999,0.0
2017-07-26 00:00:00-08:00,12.192,1.016
2017-07-27 00:00:00-08:00,12.446000000000002,8.127999999999998
2017-07-28 00:00:00-08:00,11.684,0.254
2017-07-29 00:00:00-08:00,12.953999999999999,0.0
2017-07-30 00:00:00-08:00,8.636,0.0
2017-07-31 00:00:00-08:00,13.462,2.032
2017-08-01 00:00:00-08:00,9.652,0.762
2017-08-02 00:00:00-08:00,9.144,8.636
2017-08-03 00:00:00-08:00,12.446000000000002,0.0
2017-08-04 00:00:00-08:00,15.494,0.0
2017-08-05 00:00:00-08:00,13.97,0.0
2017-08-06 00:00:00-08:00,12.7,0.0
2017-08-07 00:00:00-08:00,13.716000000000001,0.0
2017-08-08 00:00:00-08:00,13.462,0.0
2017-08-09 00:00:00-08:00,13.97,0.0
2017-08-10 00:00:00-08:00,13.716000000000001,0.254
2017-08-11 00:00:00-08:00,12.953999999999999,6.096
2017-08-12 00:00:00-08:00,12.953999999999999,5.8420000000000005
2017-08-13 00:00:00-08:00,8.636,12.192
2017-08-14 00:00:00-08:00,9.906,2.286
2017-08-15 00:00:00-08:00,12.7,0.0
2017-08-16 00:00:00-08:00,13.716000000000001,0.762
2017-08-17 00:00:00-08:00,12.192,7.8740000000000006
2017-08-18 00:00:00-08:00,12.446000000000002,17.78
2017-08-19 00:00:00-08:00,7.111999999999999,30.480000000000004
2017-08-20 00:00:00-08:00,12.192,0.0
2017-08-21 00:00:00-08:00,12.192,1.016
2017-08-22 00:00:00-08:00,12.953999999999999,0.0
2017-08-23 00:00:00-08:00,5.842,8.382
2017-08-24 00:00:00-08:00,8.636,0.0
2017-08-25 00:00:00-08:00,10.668000000000001,0.254
2017-08-26 00:00:00-08:00,9.398000000000001,0.254
2017-08-27 00:00:00-08:00,8.636,0.0
2017-08-28 00:00:00-08:00,7.8740000000000006,1.27
2017-08-29 00:00:00-08:00,2.032,10.668
2017-08-30 00:00:00-08:00,0.254,6.096
2017-08-31 00:00:00-08:00,12.446000000000002,4.064
2017-09-01 00:00:00-08:00,11.176000000000002,1.016
2017-09-02 00:00:00-08:00,7.111999999999999,0.0
2017-09-03 00:00:00-08:00,8.636,0.0
2017-09-04 00:00:00-08:00,7.111999999999999,31.241999999999997
2017-09-05 00:00:00-08:00,0.0,29.21
2017-09-06 00:00:00-08:00,0.0,4.064
2017-09-07 00:00:00-08:00,8.89,0.0
2017-09-08 00:00:00-08:00,11.684,0.0
2017-09-09 00:00:00-08:00,0.0,1.016
2017-09-10 00:00:00-08:00,4.572,1.016
2017-09-11 00:00:00-08:00,0.0,0.508
2017-09-12 00:00:00-08:00,2.286,0.0
2017-09-13 00:00:00-08:00,0.0,1.016
2017-09-14 00:00:00-08:00,0.0,0.0
2017-09-15 00:00:00-08:00,0.0,7.62
2017-09-16 00:00:00-08:00,0.0,0.0
2017-09-17 00:00:00-08:00,2.032,0.0
2017-09-18 00:00:00-08:00,1.27,1.27
2017-09-19 00:00:00-08:00,2.286,0.0
2017-09-20 00:00:00-08:00,0.0,0.254
2017-09-21 00:00:00-08:00,5.08,18.288
2017-09-22 00:00:00-08:00,0.0,11.176
2017-09-23 00:00:00-08:00,0.0,0.0
2017-09-24 00:00:00-08:00,1.27,2.032
2017-09-25 00:00:00-08:00,0.0,0.0
2017-09-26 00:00:00-08:00,0.0,6.096
2017-09-27 00:00:00-08:00,0.0,12.446
2017-09-28 00:00:00-08:00,0.0,0.0
2017-09-29 00:00:00-08:00,0.0,0.0
2017-09-30 00:00:00-08:00,2.032,0.0
2017-10-01 00:00:00-08:00,3.302,0.0
2017-10-02 00:00:00-08:00,0.0,27.940000000000005
2017-10-03 00:00:00-08:00,2.54,6.096
2017-10-04 00:00:00-08:00,0.0,22.098
2017-10-05 00:00:00-08:00,0.0,2.794
2017-10-06 00:00:00-08:00,4.826,2.032
2017-10-07 00:00:00-08:00,0.0,0.0
2017-10-08 00:00:00-08:00,0.0,3.048
2017-10-09 00:00:00-08:00,3.81,0.508
2017-10-10 00:00:00-08:00,0.0,0.0
2017-10-11 00:00:00-08:00,0.0,0.508
2017-10-12 00:00:00-08:00,0.0,0.0
2017-10-13 00:00:00-08:00,9.398000000000001,10.414
2017-10-14 00:00:00-08:00,26.924,3.81
2017-10-15 00:00:00-08:00,21.843999999999998,0.0
2017-10-16 00:00:00-08:00,21.082,0.0
2017-10-17 00:00:00-08:00,17.78,0.0
2017-10-18 00:00:00-08:00,14.223999999999998,0.254
2017-10-19 00:00:00-08:00,18.796000000000003,0.0
2017-10-20 00:00:00-08:00,13.716000000000001,0.0
2017-10-21 00:00:00-08:00,16.256,0.0
2017-10-22 00:00:00-08:00,11.938,0.0
2017-10-23 00:00:00-08:00,16.256,0.0
2017-10-24 00:00:00-08:00,13.97,0.0
2017-10-25 00:00:00-08:00,16.51,0.0
2017-10-26 00:00:00-08:00,20.573999999999998,0.0
2017-10-27 00:00:00-08:00,38.608,0.0
2017-10-28 00:00:00-08:00,31.242,0.0
2017-10-29 00:00:00-08:00,30.988,0.254
2017-10-30 00:00:00-08:00,30.988,7.366
2017-10-31 00:00:00-08:00,34.29,7.366
2017-11-01 00:00:00-08:00,38.1,5.08
2017-11-02 00:00:00-08:00,34.544,3.556
2017-11-03 00:00:00-08:00,34.036,0.0
2017-11-04 00:00:00-08:00,33.274,0.0
2017-11-05 00:00:00-08:00,33.02,0.0
2017-11-06 00:00:00-09:00,33.782000000000004,0.0
2017-11-07 00:00:00-09:00,36.322,0.0
2017-11-08 00:00:00-09:00,37.083999999999996,0.0
2017-11-09 00:00:00-09:00,36.576,0.0
2017-11-10 00:00:00-09:00,33.782000000000004,0.0
2017-11-11 00:00:00-09:00,38.862,0.0
2017-11-12 00:00:00-09:00,39.37,0.0
2017-11-13 00:00:00-09:00,38.608,0.0
2017-11-14 00:00:00-09:00,37.846000000000004,0.0
2017-11-15 00:00:00-09:00,37.083999999999996,0.0
2017-11-16 00:00:00-09:00,37.083999999999996,0.0
2017-11-17 00:00:00-09:00,42.164,0.0
2017-11-18 00:00:00-09:00,41.402,0.0
2017-11-19 00:00:00-09:00,46.99,0.0
2017-11-20 00:00:00-09:00,,0.0
2017-11-21 00:00:00-09:00,38.354,0.0
2017-11-22 00:00:00-09:00,,0.0
2017-11-23 00:00:00-09:00,,0.0
2017-11-24 00:00:00-09:00,37.846000000000004,0.0
2017-11-25 00:00:00-09:00,38.1,0.0
2017-11-26 00:00:00-09:00,38.1,0.0
2017-11-27 00:00:00-09:00,41.656,0.0
2017-11-28 00:00:00-09:00,40.386,0.0
2017-11-29 00:00:00-09:00,39.116,0.0
2017-11-30 00:00:00-09:00,56.13400000000001,0.0
2017-12-01 00:00:00-09:00,,0.0
2017-12-02 00:00:00-09:00,52.07,0.0
2017-12-03 00:00:00-09:00,61.722,1.016
2017-12-04 00:00:00-09:00,54.355999999999995,0.0
2017-12-05 00:00:00-09:00,62.992000000000004,0.0
2017-12-06 00:00:00-09:00,,0.0
2017-12-07 00:00:00-09:00,114.3,0.0
2017-12-08 00:00:00-09:00,130.302,0.0
2017-12-09 00:00:00-09:00,141.732,0.254
2017-12-10 00:00:00-09:00,133.35,0.0
2017-12-11 00:00:00-09:00,151.38400000000001,0.0
2017-12-12 00:00:00-09:00,146.81199999999998,0.0
2017-12-13 00:00:00-09:00,139.446,2.794
2017-12-14 00:00:00-09:00,,0.254
2017-12-15 00:00:00-09:00,151.892,0.0
2017-12-16 00:00:00-09:00,147.066,0.0
2017-12-17 00:00:00-09:00,161.798,0.0
2017-12-18 00:00:00-09:00,158.242,0.0
2017-12-19 00:00:00-09:00,148.082,0.0
2017-12-20 00:00:00-09:00,156.71800000000002,0.0
2017-12-21 00:00:00-09:00,156.71800000000002,0.0
2017-12-22 00:00:00-09:00,151.892,0.0
2017-12-23 00:00:00-09:00,146.55800000000002,0.254
2017-12-24 00:00:00-09:00,142.74800000000002,0.0
2017-12-25 00:00:00-09:00,139.7,0.0
2017-12-26 00:00:00-09:00,,0.0
2017-12-27 00:00:00-09:00,132.84199999999998,0.0
2017-12-28 00:00:00-09:00,133.096,0.0
2017-12-29 00:00:00-09:00,131.826,0.0
2017-12-30 00:00:00-09:00,130.556,0.0
2017-12-31 00:00:00-09:00,130.048,0.0
2018-01-01 00:00:00-09:00,127.50800000000001,0.0
2018-01-02 00:00:00-09:00,,0.0
2018-01-03 00:00:00-09:00,150.36800000000002,0.0
2018-01-04 00:00:00-09:00,149.352,0.0
2018-01-05 00:00:00-09:00,145.542,0.0
2018-01-06 00:00:00-09:00,144.526,0.0
2018-01-07 00:00:00-09:00,142.494,0.0
2018-01-08 00:00:00-09:00,,0.0
2018-01-09 00:00:00-09:00,,0.0
2018-01-10 00:00:00-09:00,140.208,0.0
2018-01-11 00:00:00-09:00,138.93800000000002,0.0
2018-01-12 00:00:00-09:00,138.93800000000002,0.0
2018-01-13 00:00:00-09:00,137.668,0.0
2018-01-14 00:00:00-09:00,,0.0
2018-01-15 00:00:00-09:00,160.02,4.8260000000000005
2018-01-16 00:00:00-09:00,155.702,1.27
2018-01-17 00:00:00-09:00,153.162,0.0
2018-01-18 00:00:00-09:00,151.892,0.0
2018-01-19 00:00:00-09:00,150.62199999999999,0.0
2018-01-20 00:00:00-09:00,147.32,0.0
2018-01-21 00:00:00-09:00,146.55800000000002,0.0
2018-01-22 00:00:00-09:00,146.304,0.0
2018-01-23 00:00:00-09:00,154.178,0.0
2018-01-24 00:00:00-09:00,151.892,0.0
2018-01-25 00:00:00-09:00,152.4,0.0
2018-01-26 00:00:00-09:00,152.146,0.0
2018-01-27 00:00:00-09:00,151.892,0.0
2018-01-28 00:00:00-09:00,150.62199999999999,0.0
2018-01-29 00:00:00-09:00,148.33599999999998,0.0
2018-01-30 00:00:00-09:00,147.32,0.0
2018-01-31 00:00:00-09:00,147.32,0.0
2018-02-01 00:00:00-09:00,146.05,0.0
2018-02-02 00:00:00-09:00,145.796,0.0
2018-02-03 00:00:00-09:00,146.81199999999998,0.0
2018-02-04 00:00:00-09:00,146.304,0.0
2018-02-05 00:00:00-09:00,146.81199999999998,0.0
2018-02-06 00:00:00-09:00,146.55800000000002,0.0
2018-02-07 00:00:00-09:00,154.432,0.0
2018-02-08 00:00:00-09:00,154.686,0.0
2018-02-09 00:00:00-09:00,154.432,0.0
2018-02-10 00:00:00-09:00,152.90800000000002,0.254
2018-02-11 00:00:00-09:00,151.638,0.0
2018-02-12 00:00:00-09:00,178.054,0.0
2018-02-13 00:00:00-09:00,182.37199999999999,0.0
2018-02-14 00:00:00-09:00,178.30800000000002,0.0
2018-02-15 00:00:00-09:00,186.944,0.0
2018-02-16 00:00:00-09:00,183.642,0.0
2018-02-17 00:00:00-09:00,180.34,0.0
2018-02-18 00:00:00-09:00,179.07,0.0
2018-02-19 00:00:00-09:00,177.292,0.0
2018-02-20 00:00:00-09:00,175.51399999999998,0.0
2018-02-21 00:00:00-09:00,172.974,0.0
2018-02-22 00:00:00-09:00,172.466,0.0
2018-02-23 00:00:00-09:00,193.29399999999998,0.0
2018-02-24 00:00:00-09:00,190.5,0.0
2018-02-25 00:00:00-09:00,189.48399999999998,0.0
2018-02-26 00:00:00-09:00,184.912,0.0
2018-02-27 00:00:00-09:00,198.62800000000001,0.0
2018-02-28 00:00:00-09:00,200.152,0.0
2018-03-01 00:00:00-09:00,196.08800000000002,0.0
2018-03-02 00:00:00-09:00,192.53199999999998,0.0
2018-03-03 00:00:00-09:00,189.23,0.0
2018-03-04 00:00:00-09:00,193.04,0.254
2018-03-05 00:00:00-09:00,189.23,0.0
2018-03-06 00:00:00-09:00,187.198,0.0
2018-03-07 00:00:00-09:00,189.738,0.0
2018-03-08 00:00:00-09:00,191.51600000000002,0.0
2018-03-09 00:00:00-09:00,188.214,0.0
2018-03-10 00:00:00-09:00,187.198,0.0
2018-03-11 00:00:00-09:00,184.15,0.0
2018-03-12 00:00:00-08:00,199.39000000000001,0.254
2018-03-13 00:00:00-08:00,200.66,1.016
2018-03-14 00:00:00-08:00,196.596,1.27
2018-03-15 00:00:00-08:00,190.754,0.254
2018-03-16 00:00:00-08:00,195.58,6.349999999999998
2018-03-17 00:00:00-08:00,201.422,0.0
2018-03-18 00:00:00-08:00,196.596,2.286
2018-03-19 00:00:00-08:00,201.422,0.508
2018-03-20 00:00:00-08:00,214.884,0.762
2018-03-21 00:00:00-08:00,209.804,0.0
2018-03-22 00:00:00-08:00,205.994,0.0
2018-03-23 00:00:00-08:00,203.2,0.254
2018-03-24 00:00:00-08:00,200.914,0.0
2018-03-25 00:00:00-08:00,199.13600000000002,0.0
2018-03-26 00:00:00-08:00,197.612,0.0
2018-03-27 00:00:00-08:00,196.34199999999998,0.0
2018-03-28 00:00:00-08:00,194.818,1.524
2018-03-29 00:00:00-08:00,196.08800000000002,0.0
2018-03-30 00:00:00-08:00,194.818,0.0
2018-03-31 00:00:00-08:00,193.04,0.0
2018-04-01 00:00:00-08:00,192.53199999999998,0.0
2018-04-02 00:00:00-08:00,190.754,0.0
2018-04-03 00:00:00-08:00,184.65800000000002,0.0
2018-04-04 00:00:00-08:00,184.15,0.0
2018-04-05 00:00:00-08:00,183.642,0.0
2018-04-06 00:00:00-08:00,183.134,0.0
2018-04-07 00:00:00-08:00,182.37199999999999,0.0
2018-04-08 00:00:00-08:00,181.86399999999998,0.0
2018-04-09 00:00:00-08:00,181.35600000000002,0.0
2018-04-10 00:00:00-08:00,178.81600000000003,0.0
2018-04-11 00:00:00-08:00,178.30800000000002,0.0
2018-04-12 00:00:00-08:00,177.038,0.0
2018-04-13 00:00:00-08:00,176.53,0.0
2018-04-14 00:00:00-08:00,176.022,0.0
2018-04-15 00:00:00-08:00,174.49800000000002,4.064
2018-04-16 00:00:00-08:00,176.53,0.0
2018-04-17 00:00:00-08:00,176.022,0.0
2018-04-18 00:00:00-08:00,176.022,0.0
2018-04-19 00:00:00-08:00,175.51399999999998,0.0
2018-04-20 00:00:00-08:00,175.00600000000003,0.254
2018-04-21 00:00:00-08:00,176.022,0.0
2018-04-22 00:00:00-08:00,175.00600000000003,0.0
2018-04-23 00:00:00-08:00,173.73600000000002,0.0
2018-04-24 00:00:00-08:00,173.482,0.0
2018-04-25 00:00:00-08:00,174.244,0.508
2018-04-26 00:00:00-08:00,173.99,0.0
2018-04-27 00:00:00-08:00,172.72,0.0
2018-04-28 00:00:00-08:00,173.73600000000002,1.778
2018-04-29 00:00:00-08:00,182.88,4.571999999999999
2018-04-30 00:00:00-08:00,218.44,0.762
2018-05-01 00:00:00-08:00,222.758,2.032
2018-05-02 00:00:00-08:00,221.488,1.016
2018-05-03 00:00:00-08:00,215.138,0.762
2018-05-04 00:00:00-08:00,213.36,5.587999999999999
2018-05-05 00:00:00-08:00,216.154,5.587999999999999
2018-05-06 00:00:00-08:00,218.694,0.0
2018-05-07 00:00:00-08:00,215.392,1.524
2018-05-08 00:00:00-08:00,211.836,0.0
2018-05-09 00:00:00-08:00,207.772,0.254
2018-05-10 00:00:00-08:00,200.914,0.0
2018-05-11 00:00:00-08:00,193.04,3.048
2018-05-12 00:00:00-08:00,189.738,1.016
2018-05-13 00:00:00-08:00,188.46800000000002,0.508
2018-05-14 00:00:00-08:00,192.27800000000002,0.762
2018-05-15 00:00:00-08:00,184.912,4.318
2018-05-16 00:00:00-08:00,183.642,0.0
2018-05-17 00:00:00-08:00,180.34,0.0
2018-05-18 00:00:00-08:00,175.768,0.0
2018-05-19 00:00:00-08:00,169.164,0.0
2018-05-20 00:00:00-08:00,162.052,0.508
2018-05-21 00:00:00-08:00,159.00400000000002,0.508
2018-05-22 00:00:00-08:00,153.162,0.254
2018-05-23 00:00:00-08:00,150.114,0.254
2018-05-24 00:00:00-08:00,145.034,14.732
2018-05-25 00:00:00-08:00,153.416,0.0
2018-05-26 00:00:00-08:00,148.59,0.0
2018-05-27 00:00:00-08:00,144.272,5.842
2018-05-28 00:00:00-08:00,142.74800000000002,3.556
2018-05-29 00:00:00-08:00,137.922,4.064
2018-05-30 00:00:00-08:00,138.176,0.0
2018-05-31 00:00:00-08:00,133.35,0.0
2018-06-01 00:00:00-08:00,130.048,0.0
2018-06-02 00:00:00-08:00,125.476,1.524
2018-06-03 00:00:00-08:00,120.90400000000001,0.0
2018-06-04 00:00:00-08:00,116.078,1.016
2018-06-05 00:00:00-08:00,110.236,0.0
2018-06-06 00:00:00-08:00,103.886,1.27
2018-06-07 00:00:00-08:00,94.23400000000001,2.54
2018-06-08 00:00:00-08:00,90.67800000000001,0.254
2018-06-09 00:00:00-08:00,85.85199999999999,0.0
2018-06-10 00:00:00-08:00,78.994,2.032
2018-06-11 00:00:00-08:00,72.39,29.718000000000007
2018-06-12 00:00:00-08:00,69.596,3.302
2018-06-13 00:00:00-08:00,69.342,0.0
2018-06-14 00:00:00-08:00,62.484,0.0
2018-06-15 00:00:00-08:00,57.404,13.716
2018-06-16 00:00:00-08:00,45.974000000000004,22.86
2018-06-17 00:00:00-08:00,43.18,0.0
2018-06-18 00:00:00-08:00,34.798,11.43
2018-06-19 00:00:00-08:00,26.416,7.366
2018-06-20 00:00:00-08:00,21.082,0.0
2018-06-21 00:00:00-08:00,14.223999999999998,0.762
2018-06-22 00:00:00-08:00,0.0,0.0
2018-06-23 00:00:00-08:00,0.0,0.508
2018-06-24 00:00:00-08:00,0.0,0.508
2018-06-25 00:00:00-08:00,8.636,17.272000000000002
2018-06-26 00:00:00-08:00,0.0,0.762
2018-06-27 00:00:00-08:00,0.0,0.762
2018-06-28 00:00:00-08:00,0.0,0.0
2018-06-29 00:00:00-08:00,0.0,0.0
2018-06-30 00:00:00-08:00,0.0,10.668000000000001
2018-07-01 00:00:00-08:00,0.0,1.778
2018-07-02 00:00:00-08:00,0.0,0.0
2018-07-03 00:00:00-08:00,4.064,0.0
2018-07-04 00:00:00-08:00,6.096,0.0
2018-07-05 00:00:00-08:00,8.89,0.0
2018-07-06 00:00:00-08:00,10.414,0.0
2018-07-07 00:00:00-08:00,10.921999999999999,0.0
2018-07-08 00:00:00-08:00,12.7,0.0
2018-07-09 00:00:00-08:00,13.208,5.587999999999999
2018-07-10 00:00:00-08:00,14.732,5.08
2018-07-11 00:00:00-08:00,12.192,5.3340000000000005
2018-07-12 00:00:00-08:00,0.0,0.508
2018-07-13 00:00:00-08:00,1.27,0.0
2018-07-14 00:00:00-08:00,2.032,8.382
2018-07-15 00:00:00-08:00,1.7779999999999998,3.81
2018-07-16 00:00:00-08:00,0.0,3.81
2018-07-17 00:00:00-08:00,0.0,0.0
2018-07-18 00:00:00-08:00,0.0,0.0
2018-07-19 00:00:00-08:00,0.0,0.0
2018-07-20 00:00:00-08:00,1.016,0.0
2018-07-21 00:00:00-08:00,1.524,0.0
2018-07-22 00:00:00-08:00,1.27,0.0
2018-07-23 00:00:00-08:00,3.5559999999999996,0.0
2018-07-24 00:00:00-08:00,1.27,0.0
2018-07-25 00:00:00-08:00,2.54,0.0
2018-07-26 00:00:00-08:00,1.524,0.0
2018-07-27 00:00:00-08:00,0.0,2.794
2018-07-28 00:00:00-08:00,0.0,16.256
2018-07-29 00:00:00-08:00,0.0,3.048
2018-07-30 00:00:00-08:00,1.7779999999999998,0.0
2018-07-31 00:00:00-08:00,3.5559999999999996,0.0
2018-08-01 00:00:00-08:00,0.508,0.0
2018-08-02 00:00:00-08:00,0.0,0.0
2018-08-03 00:00:00-08:00,4.826,1.27
2018-08-04 00:00:00-08:00,0.0,16.002
2018-08-05 00:00:00-08:00,0.0,12.954
2018-08-06 00:00:00-08:00,,64.26200000000001
2018-08-07 00:00:00-08:00,0.0,41.91
2018-08-08 00:00:00-08:00,0.0,1.016
2018-08-09 00:00:00-08:00,0.0,0.254
2018-08-10 00:00:00-08:00,0.0,3.048
2018-08-11 00:00:00-08:00,0.0,5.08
2018-08-12 00:00:00-08:00,,39.623999999999995
2018-08-13 00:00:00-08:00,0.0,25.146
2018-08-14 00:00:00-08:00,0.0,15.240000000000002
2018-08-15 00:00:00-08:00,0.0,10.159999999999998
2018-08-16 00:00:00-08:00,0.0,5.588
2018-08-17 00:00:00-08:00,0.0,1.524
2018-08-18 00:00:00-08:00,6.096,0.0
2018-08-19 00:00:00-08:00,2.286,2.54
2018-08-20 00:00:00-08:00,0.0,29.464000000000002
2018-08-21 00:00:00-08:00,0.0,37.846000000000004
2018-08-22 00:00:00-08:00,0.0,5.334
2018-08-23 00:00:00-08:00,0.0,10.414000000000001
2018-08-24 00:00:00-08:00,0.0,15.494000000000002
2018-08-25 00:00:00-08:00,0.0,3.048
2018-08-26 00:00:00-08:00,0.254,23.622
2018-08-27 00:00:00-08:00,0.0,26.415999999999993
2018-08-28 00:00:00-08:00,0.0,2.032
2018-08-29 00:00:00-08:00,2.7940000000000005,0.0
2018-08-30 00:00:00-08:00,1.27,8.89
2018-08-31 00:00:00-08:00,0.0,0.254
2018-09-01 00:00:00-08:00,1.524,2.54
2018-09-02 00:00:00-08:00,1.7779999999999998,0.0
2018-09-03 00:00:00-08:00,3.81,0.0
2018-09-04 00:00:00-08:00,0.254,0.0
2018-09-05 00:00:00-08:00,0.0,0.0
2018-09-06 00:00:00-08:00,0.254,0.0
2018-09-07 00:00:00-08:00,2.54,0.0
2018-09-08 00:00:00-08:00,3.81,0.0
2018-09-09 00:00:00-08:00,0.0,0.0
2018-09-10 00:00:00-08:00,1.27,0.0
2018-09-11 00:00:00-08:00,0.508,0.0
2018-09-12 00:00:00-08:00,0.0,0.0
2018-09-13 00:00:00-08:00,0.0,0.0
2018-09-14 00:00:00-08:00,0.0,0.0
2018-09-15 00:00:00-08:00,1.016,0.0
2018-09-16 00:00:00-08:00,0.0,0.762
2018-09-17 00:00:00-08:00,0.0,0.254
2018-09-18 00:00:00-08:00,0.0,0.0
2018-09-19 00:00:00-08:00,0.0,0.0
2018-09-20 00:00:00-08:00,0.254,0.0
2018-09-21 00:00:00-08:00,0.0,0.0
2018-09-22 00:00:00-08:00,0.0,19.05
2018-09-23 00:00:00-08:00,0.0,0.0
2018-09-24 00:00:00-08:00,0.0,15.494000000000002
2018-09-25 00:00:00-08:00,0.0,0.0
2018-09-26 00:00:00-08:00,0.254,0.0
2018-09-27 00:00:00-08:00,0.0,1.016
2018-09-28 00:00:00-08:00,0.0,0.0
2018-09-29 00:00:00-08:00,0.0,0.0
2018-09-30 00:00:00-08:00,0.0,0.0
2018-10-01 00:00:00-08:00,0.0,0.0
2018-10-02 00:00:00-08:00,0.0,0.0
2018-10-03 00:00:00-08:00,0.0,0.0
2018-10-04 00:00:00-08:00,0.0,0.0
2018-10-05 00:00:00-08:00,0.0,0.0
2018-10-06 00:00:00-08:00,0.0,0.0
2018-10-07 00:00:00-08:00,0.0,0.0
2018-10-08 00:00:00-08:00,0.0,1.27
2018-10-09 00:00:00-08:00,0.0,0.0
2018-10-10 00:00:00-08:00,0.0,13.207999999999997
2018-10-11 00:00:00-08:00,0.0,0.0
2018-10-12 00:00:00-08:00,0.0,0.0
2018-10-13 00:00:00-08:00,0.0,7.619999999999999
2018-10-14 00:00:00-08:00,0.0,0.0
2018-10-15 00:00:00-08:00,0.0,6.857999999999999
2018-10-16 00:00:00-08:00,0.0,8.89
2018-10-17 00:00:00-08:00,0.0,10.16
2018-10-18 00:00:00-08:00,0.0,0.508
2018-10-19 00:00:00-08:00,0.254,3.5559999999999996
2018-10-20 00:00:00-08:00,2.54,0.762
2018-10-21 00:00:00-08:00,3.81,1.27
2018-10-22 00:00:00-08:00,2.286,0.0
2018-10-23 00:00:00-08:00,4.064,4.571999999999999
2018-10-24 00:00:00-08:00,9.144,4.8260000000000005
2018-10-25 00:00:00-08:00,7.62,0.254
2018-10-26 00:00:00-08:00,7.111999999999999,0.0
2018-10-27 00:00:00-08:00,7.366,0.0
2018-10-28 00:00:00-08:00,7.111999999999999,0.0
2018-10-29 00:00:00-08:00,7.111999999999999,0.0
2018-10-30 00:00:00-08:00,10.414,0.0
2018-10-31 00:00:00-08:00,13.462,0.0
2018-11-01 00:00:00-08:00,14.223999999999998,0.0
2018-11-02 00:00:00-08:00,7.62,0.254
2018-11-03 00:00:00-08:00,13.208,0.0
2018-11-04 00:00:00-08:00,13.208,0.0
2018-11-05 00:00:00-09:00,11.684,0.0
2018-11-06 00:00:00-09:00,12.953999999999999,0.508
2018-11-07 00:00:00-09:00,12.446000000000002,0.0
2018-11-08 00:00:00-09:00,12.446000000000002,0.0
2018-11-09 00:00:00-09:00,10.16,0.0
2018-11-10 00:00:00-09:00,17.018,0.0
2018-11-11 00:00:00-09:00,30.733999999999998,9.144
2018-11-12 00:00:00-09:00,26.67,17.272
2018-11-13 00:00:00-09:00,28.447999999999997,0.0
2018-11-14 00:00:00-09:00,31.242,0.0
2018-11-15 00:00:00-09:00,24.13,0.0
2018-11-16 00:00:00-09:00,25.907999999999998,0.0
2018-11-17 00:00:00-09:00,32.766,16.764
2018-11-18 00:00:00-09:00,33.782000000000004,19.304000000000002
2018-11-19 00:00:00-09:00,33.782000000000004,6.096
2018-11-20 00:00:00-09:00,37.846000000000004,0.0
2018-11-21 00:00:00-09:00,33.528,0.254
2018-11-22 00:00:00-09:00,31.496000000000002,0.0
2018-11-23 00:00:00-09:00,33.02,0.0
2018-11-24 00:00:00-09:00,34.544,0.0
2018-11-25 00:00:00-09:00,34.29,1.016
2018-11-26 00:00:00-09:00,32.766,0.0
2018-11-27 00:00:00-09:00,31.75,0.0
2018-11-28 00:00:00-09:00,32.766,0.762
2018-11-29 00:00:00-09:00,34.29,0.0
2018-11-30 00:00:00-09:00,33.274,0.0
2018-12-01 00:00:00-09:00,34.544,0.0
2018-12-02 00:00:00-09:00,36.576,0.0
2018-12-03 00:00:00-09:00,,0.0
2018-12-04 00:00:00-09:00,59.69,0.0
2018-12-05 00:00:00-09:00,58.166,0.0
2018-12-06 00:00:00-09:00,59.69,0.0
2018-12-07 00:00:00-09:00,56.13400000000001,0.0
2018-12-08 00:00:00-09:00,52.832,0.0
2018-12-09 00:00:00-09:00,55.372,0.0
2018-12-10 00:00:00-09:00,54.102000000000004,0.0
2018-12-11 00:00:00-09:00,51.562000000000005,0.0
2018-12-12 00:00:00-09:00,71.882,0.0
2018-12-13 00:00:00-09:00,68.834,0.0
2018-12-14 00:00:00-09:00,65.024,0.0
2018-12-15 00:00:00-09:00,63.5,0.0
2018-12-16 00:00:00-09:00,60.452000000000005,0.0
2018-12-17 00:00:00-09:00,57.404,0.0
2018-12-18 00:00:00-09:00,56.642,0.0
2018-12-19 00:00:00-09:00,55.88,0.0
2018-12-20 00:00:00-09:00,61.976,0.0
2018-12-21 00:00:00-09:00,59.182,0.0
2018-12-22 00:00:00-09:00,59.436,0.0
2018-12-23 00:00:00-09:00,58.42,0.0
2018-12-24 00:00:00-09:00,56.895999999999994,0.0
2018-12-25 00:00:00-09:00,56.642,0.0
2018-12-26 00:00:00-09:00,55.88,0.0
2018-12-27 00:00:00-09:00,54.61,0.0
2018-12-28 00:00:00-09:00,59.944,0.0
2018-12-29 00:00:00-09:00,69.088,0.0
2018-12-30 00:00:00-09:00,67.56400000000001,0.0
2018-12-31 00:00:00-09:00,66.802,0.0
2019-01-01 00:00:00-09:00,86.614,0.0
2019-01-02 00:00:00-09:00,94.74199999999999,0.0
2019-01-03 00:00:00-09:00,92.71000000000001,0.0
2019-01-04 00:00:00-09:00,,0.0
2019-01-05 00:00:00-09:00,88.138,0.0
2019-01-06 00:00:00-09:00,87.63,0.0
2019-01-07 00:00:00-09:00,86.86800000000001,0.0
2019-01-08 00:00:00-09:00,85.09,0.0
2019-01-09 00:00:00-09:00,83.82000000000001,0.0
2019-01-10 00:00:00-09:00,82.804,0.0
2019-01-11 00:00:00-09:00,82.04199999999999,0.0
2019-01-12 00:00:00-09:00,82.29599999999999,0.0
2019-01-13 00:00:00-09:00,81.28,0.0
2019-01-14 00:00:00-09:00,80.01,0.0
2019-01-15 00:00:00-09:00,79.756,0.0
2019-01-16 00:00:00-09:00,78.994,0.0
2019-01-17 00:00:00-09:00,77.978,0.0
2019-01-18 00:00:00-09:00,76.2,0.0
2019-01-19 00:00:00-09:00,75.69200000000001,0.0
2019-01-20 00:00:00-09:00,75.438,0.0
2019-01-21 00:00:00-09:00,75.18400000000001,0.0
2019-01-22 00:00:00-09:00,79.756,0.0
2019-01-23 00:00:00-09:00,79.756,0.0
2019-01-24 00:00:00-09:00,81.78800000000001,0.508
2019-01-25 00:00:00-09:00,82.04199999999999,0.0
2019-01-26 00:00:00-09:00,77.724,0.0
2019-01-27 00:00:00-09:00,79.50200000000001,0.0
2019-01-28 00:00:00-09:00,78.994,0.0
2019-01-29 00:00:00-09:00,74.16799999999999,0.508
2019-01-30 00:00:00-09:00,91.694,0.0
2019-01-31 00:00:00-09:00,90.67800000000001,0.0
2019-02-01 00:00:00-09:00,91.18599999999999,0.0
2019-02-02 00:00:00-09:00,87.884,0.0
2019-02-03 00:00:00-09:00,88.138,0.0
2019-02-04 00:00:00-09:00,100.584,0.0
2019-02-05 00:00:00-09:00,99.06,0.0
2019-02-06 00:00:00-09:00,104.902,0.0
2019-02-07 00:00:00-09:00,101.6,0.254
2019-02-08 00:00:00-09:00,100.584,8.128
2019-02-09 00:00:00-09:00,98.04400000000001,0.0
2019-02-10 00:00:00-09:00,96.52,0.254
2019-02-11 00:00:00-09:00,94.74199999999999,0.0
2019-02-12 00:00:00-09:00,93.98,0.0
2019-02-13 00:00:00-09:00,93.726,0.0
2019-02-14 00:00:00-09:00,96.012,0.0
2019-02-15 00:00:00-09:00,93.472,0.0
2019-02-16 00:00:00-09:00,96.774,0.0
2019-02-17 00:00:00-09:00,,0.0
2019-02-18 00:00:00-09:00,146.55800000000002,0.0
2019-02-19 00:00:00-09:00,144.018,0.0
2019-02-20 00:00:00-09:00,136.144,0.0
2019-02-21 00:00:00-09:00,138.684,0.0
2019-02-22 00:00:00-09:00,136.144,0.0
2019-02-23 00:00:00-09:00,132.58800000000002,0.0
2019-02-24 00:00:00-09:00,129.794,0.254
2019-02-25 00:00:00-09:00,127.0,0.254
2019-02-26 00:00:00-09:00,123.952,0.0
2019-02-27 00:00:00-09:00,122.174,0.0
2019-02-28 00:00:00-09:00,121.15800000000002,0.0
2019-03-01 00:00:00-09:00,119.38,0.0
2019-03-02 00:00:00-09:00,118.61800000000001,0.0
2019-03-03 00:00:00-09:00,117.34800000000001,0.0
2019-03-04 00:00:00-09:00,114.3,0.0
2019-03-05 00:00:00-09:00,115.57000000000001,0.0
2019-03-06 00:00:00-09:00,115.316,0.0
2019-03-07 00:00:00-09:00,114.808,0.0
2019-03-08 00:00:00-09:00,114.3,0.0
2019-03-09 00:00:00-09:00,113.79199999999999,0.254
2019-03-10 00:00:00-09:00,110.744,0.0
2019-03-11 00:00:00-08:00,114.3,0.254
2019-03-12 00:00:00-08:00,121.666,0.254
2019-03-13 00:00:00-08:00,126.49199999999999,0.0
2019-03-14 00:00:00-08:00,128.27,0.0
2019-03-15 00:00:00-08:00,122.68199999999999,0.254
2019-03-16 00:00:00-08:00,120.142,0.508
2019-03-17 00:00:00-08:00,119.888,1.778
2019-03-18 00:00:00-08:00,132.84199999999998,2.794
2019-03-19 00:00:00-08:00,151.892,12.700000000000001
2019-03-20 00:00:00-08:00,146.05,4.572
2019-03-21 00:00:00-08:00,140.208,0.0
2019-03-22 00:00:00-08:00,135.636,0.0
2019-03-23 00:00:00-08:00,132.08,0.254
2019-03-24 00:00:00-08:00,130.302,0.0
2019-03-25 00:00:00-08:00,129.54,0.254
2019-03-26 00:00:00-08:00,130.302,0.0
2019-03-27 00:00:00-08:00,129.286,0.0
2019-03-28 00:00:00-08:00,124.46000000000001,0.0
2019-03-29 00:00:00-08:00,122.68199999999999,0.0
2019-03-30 00:00:00-08:00,121.92,0.0
2019-03-31 00:00:00-08:00,122.174,0.0
2019-04-01 00:00:00-08:00,121.666,0.0
2019-04-02 00:00:00-08:00,121.41199999999999,0.0
2019-04-03 00:00:00-08:00,120.396,0.0
2019-04-04 00:00:00-08:00,119.888,1.524
2019-04-05 00:00:00-08:00,121.15800000000002,0.0
2019-04-06 00:00:00-08:00,118.61800000000001,1.016
2019-04-07 00:00:00-08:00,120.142,0.0
2019-04-08 00:00:00-08:00,119.888,0.0
2019-04-09 00:00:00-08:00,120.142,0.762
2019-04-10 00:00:00-08:00,120.396,0.0
2019-04-11 00:00:00-08:00,119.888,0.0
2019-04-12 00:00:00-08:00,119.634,3.302
2019-04-13 00:00:00-08:00,124.206,0.0
2019-04-14 00:00:00-08:00,123.19,0.0
2019-04-15 00:00:00-08:00,121.92,1.27
2019-04-16 00:00:00-08:00,124.46000000000001,0.0
2019-04-17 00:00:00-08:00,123.444,0.0
2019-04-18 00:00:00-08:00,122.93599999999999,0.254
2019-04-19 00:00:00-08:00,127.254,0.254
2019-04-20 00:00:00-08:00,130.048,0.762
2019-04-21 00:00:00-08:00,127.762,0.0
2019-04-22 00:00:00-08:00,124.968,0.762
2019-04-23 00:00:00-08:00,135.636,0.508
2019-04-24 00:00:00-08:00,132.84199999999998,0.0
2019-04-25 00:00:00-08:00,131.318,0.0
2019-04-26 00:00:00-08:00,130.81,0.0
2019-04-27 00:00:00-08:00,128.77800000000002,0.0
2019-04-28 00:00:00-08:00,126.746,0.0
2019-04-29 00:00:00-08:00,125.222,0.0
2019-04-30 00:00:00-08:00,123.444,0.0
2019-05-01 00:00:00-08:00,119.888,0.0
2019-05-02 00:00:00-08:00,114.554,1.016
2019-05-03 00:00:00-08:00,105.15599999999999,2.286
2019-05-04 00:00:00-08:00,101.6,0.762
2019-05-05 00:00:00-08:00,102.616,0.508
2019-05-06 00:00:00-08:00,124.714,6.095999999999998
2019-05-07 00:00:00-08:00,108.966,1.016
2019-05-08 00:00:00-08:00,102.362,10.413999999999998
2019-05-09 00:00:00-08:00,96.012,0.508
2019-05-10 00:00:00-08:00,88.646,3.048
2019-05-11 00:00:00-08:00,84.582,0.508
2019-05-12 00:00:00-08:00,82.04199999999999,0.254
2019-05-13 00:00:00-08:00,80.01,0.0
2019-05-14 00:00:00-08:00,76.45400000000001,0.0
2019-05-15 00:00:00-08:00,72.136,0.762
2019-05-16 00:00:00-08:00,66.04,2.54
2019-05-17 00:00:00-08:00,66.802,0.0
2019-05-18 00:00:00-08:00,60.452000000000005,3.556
2019-05-19 00:00:00-08:00,57.658,0.0
2019-05-20 00:00:00-08:00,52.832,0.0
2019-05-21 00:00:00-08:00,46.228,0.0
2019-05-22 00:00:00-08:00,40.386,0.0
2019-05-23 00:00:00-08:00,32.004,0.762
2019-05-24 00:00:00-08:00,24.384,2.286
2019-05-25 00:00:00-08:00,23.622000000000003,0.0
2019-05-26 00:00:00-08:00,15.494,10.414
2019-05-27 00:00:00-08:00,0.0,4.318
2019-05-28 00:00:00-08:00,0.0,3.556
2019-05-29 00:00:00-08:00,0.0,0.254
2019-05-30 00:00:00-08:00,0.0,2.794
2019-05-31 00:00:00-08:00,0.0,7.111999999999999
2019-06-01 00:00:00-08:00,0.0,3.048
2019-06-02 00:00:00-08:00,0.0,0.508
2019-06-03 00:00:00-08:00,0.0,0.0
2019-06-04 00:00:00-08:00,0.0,0.508
2019-06-05 00:00:00-08:00,0.0,0.0
2019-06-06 00:00:00-08:00,0.0,0.0
2019-06-07 00:00:00-08:00,0.0,0.0
2019-06-08 00:00:00-08:00,0.0,0.0
2019-06-09 00:00:00-08:00,0.0,0.0
2019-06-10 00:00:00-08:00,0.0,0.0
2019-06-11 00:00:00-08:00,0.0,7.112
2019-06-12 00:00:00-08:00,0.0,0.0
2019-06-13 00:00:00-08:00,0.0,0.0
2019-06-14 00:00:00-08:00,2.032,0.0
2019-06-15 00:00:00-08:00,1.016,1.524
2019-06-16 00:00:00-08:00,0.0,15.493999999999998
2019-06-17 00:00:00-08:00,7.366,8.128
2019-06-18 00:00:00-08:00,0.0,3.81
2019-06-19 00:00:00-08:00,0.0,0.0
2019-06-20 00:00:00-08:00,6.35,0.0
2019-06-21 00:00:00-08:00,9.144,0.0
2019-06-22 00:00:00-08:00,11.938,3.556
2019-06-23 00:00:00-08:00,12.7,0.0
2019-06-24 00:00:00-08:00,14.732,0.0
2019-06-25 00:00:00-08:00,14.478000000000002,0.0
2019-06-26 00:00:00-08:00,16.256,0.0
2019-06-27 00:00:00-08:00,17.272,0.0
2019-06-28 00:00:00-08:00,1.524,0.0
2019-06-29 00:00:00-08:00,4.318,0.0
2019-06-30 00:00:00-08:00,1.7779999999999998,0.0
2019-07-01 00:00:00-08:00,2.54,0.0
2019-07-02 00:00:00-08:00,3.302,0.0
2019-07-03 00:00:00-08:00,3.302,0.0
2019-07-04 00:00:00-08:00,7.62,0.0
2019-07-05 00:00:00-08:00,4.318,0.0
2019-07-06 00:00:00-08:00,5.3340000000000005,0.0
2019-07-07 00:00:00-08:00,6.35,0.0
2019-07-08 00:00:00-08:00,0.0,0.0
2019-07-09 00:00:00-08:00,3.048,0.0
2019-07-10 00:00:00-08:00,1.7779999999999998,0.0
2019-07-11 00:00:00-08:00,4.318,0.0
2019-07-12 00:00:00-08:00,4.826,0.0
2019-07-13 00:00:00-08:00,2.54,0.0
2019-07-14 00:00:00-08:00,9.398000000000001,0.0
2019-07-15 00:00:00-08:00,1.7779999999999998,0.0
2019-07-16 00:00:00-08:00,7.8740000000000006,0.0
2019-07-17 00:00:00-08:00,7.62,0.0
2019-07-18 00:00:00-08:00,5.842,0.0
2019-07-19 00:00:00-08:00,4.572,0.0
2019-07-20 00:00:00-08:00,2.7940000000000005,0.0
2019-07-21 00:00:00-08:00,3.048,0.0
2019-07-22 00:00:00-08:00,6.096,0.0
2019-07-23 00:00:00-08:00,3.81,0.0
2019-07-24 00:00:00-08:00,0.0,0.0
2019-07-25 00:00:00-08:00,,0.0
2019-07-26 00:00:00-08:00,0.0,0.0
2019-07-27 00:00:00-08:00,0.0,0.0
2019-07-28 00:00:00-08:00,3.302,0.0
2019-07-29 00:00:00-08:00,6.8580000000000005,0.0
2019-07-30 00:00:00-08:00,4.318,0.0
2019-07-31 00:00:00-08:00,10.921999999999999,0.0
2019-08-01 00:00:00-08:00,8.382,0.0
2019-08-02 00:00:00-08:00,7.111999999999999,0.0
2019-08-03 00:00:00-08:00,6.604,0.0
2019-08-04 00:00:00-08:00,2.54,0.0
2019-08-05 00:00:00-08:00,0.0,0.0
2019-08-06 00:00:00-08:00,7.111999999999999,0.0
2019-08-07 00:00:00-08:00,5.08,0.0
2019-08-08 00:00:00-08:00,4.826,0.0
2019-08-09 00:00:00-08:00,8.636,0.0
2019-08-10 00:00:00-08:00,9.906,0.0
2019-08-11 00:00:00-08:00,8.382,0.0
2019-08-12 00:00:00-08:00,0.508,0.0
2019-08-13 00:00:00-08:00,7.366,0.0
2019-08-14 00:00:00-08:00,0.0,0.0
2019-08-15 00:00:00-08:00,0.0,0.0
2019-08-16 00:00:00-08:00,0.0,0.0
2019-08-17 00:00:00-08:00,0.0,0.0
2019-08-18 00:00:00-08:00,7.8740000000000006,0.0
2019-08-19 00:00:00-08:00,6.35,0.0
2019-08-20 00:00:00-08:00,2.7940000000000005,0.0
2019-08-21 00:00:00-08:00,6.096,0.0
2019-08-22 00:00:00-08:00,4.318,0.0
2019-08-23 00:00:00-08:00,1.524,0.0
2019-08-24 00:00:00-08:00,1.27,0.0
2019-08-25 00:00:00-08:00,2.7940000000000005,0.0
2019-08-26 00:00:00-08:00,5.588000000000001,0.0
2019-08-27 00:00:00-08:00,0.0,0.0
2019-08-28 00:00:00-08:00,1.524,0.0
2019-08-29 00:00:00-08:00,6.8580000000000005,0.0
2019-08-30 00:00:00-08:00,4.826,0.0
2019-08-31 00:00:00-08:00,4.064,0.0
2019-09-01 00:00:00-08:00,0.0,0.0
2019-09-02 00:00:00-08:00,0.0,0.0
2019-09-03 00:00:00-08:00,0.0,0.0
2019-09-04 00:00:00-08:00,0.0,0.0
2019-09-05 00:00:00-08:00,0.762,0.0
2019-09-06 00:00:00-08:00,1.524,0.0
2019-09-07 00:00:00-08:00,0.762,0.0
2019-09-08 00:00:00-08:00,0.0,0.0
2019-09-09 00:00:00-08:00,2.54,0.0
2019-09-10 00:00:00-08:00,3.81,0.0
2019-09-11 00:00:00-08:00,1.7779999999999998,0.0
2019-09-12 00:00:00-08:00,0.0,0.0
2019-09-13 00:00:00-08:00,0.0,0.0
2019-09-14 00:00:00-08:00,0.0,0.0
2019-09-15 00:00:00-08:00,0.0,0.0
2019-09-16 00:00:00-08:00,1.016,0.0
2019-09-17 00:00:00-08:00,0.0,0.0
2019-09-18 00:00:00-08:00,0.0,0.0
2019-09-19 00:00:00-08:00,0.0,0.0
2019-09-20 00:00:00-08:00,0.0,0.0
2019-09-21 00:00:00-08:00,0.0,0.0
2019-09-22 00:00:00-08:00,0.0,0.0
2019-09-23 00:00:00-08:00,0.0,0.0
2019-09-24 00:00:00-08:00,0.0,0.0
2019-09-25 00:00:00-08:00,0.0,0.0
2019-09-26 00:00:00-08:00,0.0,0.0
2019-09-27 00:00:00-08:00,0.0,0.0
2019-09-28 00:00:00-08:00,0.0,0.0
2019-09-29 00:00:00-08:00,0.0,0.0
2019-09-30 00:00:00-08:00,0.0,0.0
2019-10-01 00:00:00-08:00,0.0,0.0
2019-10-02 00:00:00-08:00,0.508,0.0
2019-10-03 00:00:00-08:00,0.0,0.0
2019-10-04 00:00:00-08:00,0.0,0.0
2019-10-05 00:00:00-08:00,32.512,0.0
2019-10-06 00:00:00-08:00,30.733999999999998,0.0
2019-10-07 00:00:00-08:00,34.544,0.0
2019-10-08 00:00:00-08:00,33.274,0.0
2019-10-09 00:00:00-08:00,22.098,0.0
2019-10-10 00:00:00-08:00,45.974000000000004,0.0
2019-10-11 00:00:00-08:00,51.562000000000005,0.0
2019-10-12 00:00:00-08:00,48.006,0.0
2019-10-13 00:00:00-08:00,42.164,0.0
2019-10-14 00:00:00-08:00,41.147999999999996,0.0
2019-10-15 00:00:00-08:00,38.862,0.0
2019-10-16 00:00:00-08:00,39.116,0.0
2019-10-17 00:00:00-08:00,37.338,0.0
2019-10-18 00:00:00-08:00,34.29,0.0
2019-10-19 00:00:00-08:00,35.814,0.0
2019-10-20 00:00:00-08:00,34.036,0.0
2019-10-21 00:00:00-08:00,33.782000000000004,0.0
2019-10-22 00:00:00-08:00,32.004,0.0
2019-10-23 00:00:00-08:00,33.02,0.0
2019-10-24 00:00:00-08:00,46.228,0.0
2019-10-25 00:00:00-08:00,48.514,0.0
2019-10-26 00:00:00-08:00,45.212,0.0
2019-10-27 00:00:00-08:00,49.022000000000006,0.0
2019-10-28 00:00:00-08:00,47.498,0.0
2019-10-29 00:00:00-08:00,34.544,0.0
2019-10-30 00:00:00-08:00,38.354,0.0
2019-10-31 00:00:00-08:00,37.592000000000006,0.0
2019-11-01 00:00:00-08:00,45.465999999999994,0.0
2019-11-02 00:00:00-08:00,53.848,0.0
2019-11-03 00:00:00-08:00,51.308,0.0
2019-11-04 00:00:00-09:00,50.038,0.0
2019-11-05 00:00:00-09:00,49.53,0.0
2019-11-06 00:00:00-09:00,47.498,0.0
2019-11-07 00:00:00-09:00,47.24400000000001,0.0
2019-11-08 00:00:00-09:00,46.482,0.0
2019-11-09 00:00:00-09:00,49.022000000000006,0.0
2019-11-10 00:00:00-09:00,45.212,0.0
2019-11-11 00:00:00-09:00,48.514,0.0
2019-11-12 00:00:00-09:00,49.275999999999996,0.0
2019-11-13 00:00:00-09:00,48.514,0.0
2019-11-14 00:00:00-09:00,50.8,0.0
2019-11-15 00:00:00-09:00,71.882,0.0
2019-11-16 00:00:00-09:00,50.8,0.0
2019-11-17 00:00:00-09:00,50.038,0.0
2019-11-18 00:00:00-09:00,52.577999999999996,0.0
2019-11-19 00:00:00-09:00,57.912000000000006,0.0
2019-11-20 00:00:00-09:00,,0.0
2019-11-21 00:00:00-09:00,91.18599999999999,0.0
2019-11-22 00:00:00-09:00,89.916,0.0
2019-11-23 00:00:00-09:00,116.586,0.0
2019-11-24 00:00:00-09:00,116.586,0.0
2019-11-25 00:00:00-09:00,113.53800000000001,0.0
2019-11-26 00:00:00-09:00,12.446000000000002,0.0
2019-11-27 00:00:00-09:00,108.45800000000001,0.0
2019-11-28 00:00:00-09:00,106.172,0.0
2019-11-29 00:00:00-09:00,103.37800000000001,0.0
2019-11-30 00:00:00-09:00,99.06,0.0
2019-12-01 00:00:00-09:00,115.82400000000001,0.0
2019-12-02 00:00:00-09:00,116.332,0.0
2019-12-03 00:00:00-09:00,117.60199999999999,0.0
2019-12-04 00:00:00-09:00,,0.0
2019-12-05 00:00:00-09:00,111.76,0.0
2019-12-06 00:00:00-09:00,110.744,0.0
2019-12-07 00:00:00-09:00,114.808,0.0
2019-12-08 00:00:00-09:00,115.82400000000001,0.0
2019-12-09 00:00:00-09:00,114.04599999999999,0.0
2019-12-10 00:00:00-09:00,110.236,0.0
2019-12-11 00:00:00-09:00,107.442,0.0
2019-12-12 00:00:00-09:00,105.918,0.0
2019-12-13 00:00:00-09:00,104.394,0.0
2019-12-14 00:00:00-09:00,103.12400000000001,0.0
2019-12-15 00:00:00-09:00,102.616,0.0
2019-12-16 00:00:00-09:00,101.6,0.0
2019-12-17 00:00:00-09:00,103.12400000000001,0.0
2019-12-18 00:00:00-09:00,102.616,0.0
2019-12-19 00:00:00-09:00,101.854,0.0
2019-12-20 00:00:00-09:00,100.076,0.0
2019-12-21 00:00:00-09:00,,0.0
2019-12-22 00:00:00-09:00,103.12400000000001,0.0
2019-12-23 00:00:00-09:00,110.49,0.0
2019-12-24 00:00:00-09:00,122.174,0.0
2019-12-25 00:00:00-09:00,123.952,0.0
2019-12-26 00:00:00-09:00,120.142,0.0
2019-12-27 00:00:00-09:00,127.762,0.0
2019-12-28 00:00:00-09:00,129.03199999999998,0.0
2019-12-29 00:00:00-09:00,129.286,0.0
2019-12-30 00:00:00-09:00,,0.0
2019-12-31 00:00:00-09:00,143.00199999999998,0.0
2020-01-01 00:00:00-09:00,140.462,0.0
2020-01-02 00:00:00-09:00,135.382,0.0
2020-01-03 00:00:00-09:00,134.36599999999999,0.0
2020-01-04 00:00:00-09:00,116.586,0.0
2020-01-05 00:00:00-09:00,120.142,0.0
2020-01-06 00:00:00-09:00,119.38,0.0
2020-01-07 00:00:00-09:00,120.142,0.0
2020-01-08 00:00:00-09:00,118.364,0.0
2020-01-09 00:00:00-09:00,121.666,0.0
2020-01-10 00:00:00-09:00,118.364,0.0
2020-01-11 00:00:00-09:00,116.586,0.0
2020-01-12 00:00:00-09:00,117.856,0.0
2020-01-13 00:00:00-09:00,118.11,0.0
2020-01-14 00:00:00-09:00,118.364,0.0
2020-01-15 00:00:00-09:00,118.61800000000001,0.0
2020-01-16 00:00:00-09:00,119.38,0.0
2020-01-17 00:00:00-09:00,118.872,0.0
2020-01-18 00:00:00-09:00,118.364,0.0
2020-01-19 00:00:00-09:00,118.61800000000001,0.0
2020-01-20 00:00:00-09:00,118.364,0.0
2020-01-21 00:00:00-09:00,117.60199999999999,0.0
2020-01-22 00:00:00-09:00,123.69800000000001,0.0
2020-01-23 00:00:00-09:00,122.42800000000001,0.0
2020-01-24 00:00:00-09:00,122.68199999999999,0.0
2020-01-25 00:00:00-09:00,121.92,0.0
2020-01-26 00:00:00-09:00,122.68199999999999,0.0
2020-01-27 00:00:00-09:00,129.286,0.0
2020-01-28 00:00:00-09:00,130.302,0.0
2020-01-29 00:00:00-09:00,127.254,0.0
2020-01-30 00:00:00-09:00,130.556,0.0
2020-01-31 00:00:00-09:00,129.794,0.0
2020-02-01 00:00:00-09:00,130.048,0.0
2020-02-02 00:00:00-09:00,126.746,0.0
2020-02-03 00:00:00-09:00,128.524,0.0
2020-02-04 00:00:00-09:00,129.54,0.0
2020-02-05 00:00:00-09:00,148.082,0.0
2020-02-06 00:00:00-09:00,156.71800000000002,0.0
2020-02-07 00:00:00-09:00,154.432,0.0
2020-02-08 00:00:00-09:00,151.38400000000001,0.0
2020-02-09 00:00:00-09:00,165.608,0.0
2020-02-10 00:00:00-09:00,163.57600000000002,0.0
2020-02-11 00:00:00-09:00,158.75,0.0
2020-02-12 00:00:00-09:00,158.496,0.0
2020-02-13 00:00:00-09:00,172.974,0.0
2020-02-14 00:00:00-09:00,172.466,0.0
2020-02-15 00:00:00-09:00,168.656,0.0
2020-02-16 00:00:00-09:00,165.608,0.0
2020-02-17 00:00:00-09:00,162.814,0.0
2020-02-18 00:00:00-09:00,178.81600000000003,0.0
2020-02-19 00:00:00-09:00,171.19600000000003,0.0
2020-02-20 00:00:00-09:00,191.77,0.0
2020-02-21 00:00:00-09:00,185.67399999999998,0.0
2020-02-22 00:00:00-09:00,192.024,0.0
2020-02-23 00:00:00-09:00,186.69,0.0
2020-02-24 00:00:00-09:00,183.388,0.0
2020-02-25 00:00:00-09:00,181.35600000000002,0.0
2020-02-26 00:00:00-09:00,179.578,0.0
2020-02-27 00:00:00-09:00,177.54600000000002,0.0
2020-02-28 00:00:00-09:00,178.56199999999998,0.0
2020-02-29 00:00:00-09:00,176.276,0.0
2020-03-01 00:00:00-09:00,181.35600000000002,0.0
2020-03-02 00:00:00-09:00,211.07399999999998,0.0
2020-03-03 00:00:00-09:00,,0.0
2020-03-04 00:00:00-09:00,204.978,0.0
2020-03-05 00:00:00-09:00,201.67600000000002,0.0
2020-03-06 00:00:00-09:00,199.64399999999998,0.0
2020-03-07 00:00:00-09:00,,0.0
2020-03-08 00:00:00-09:00,,0.0
2020-03-09 00:00:00-08:00,,0.0
2020-03-10 00:00:00-08:00,,0.0
2020-03-11 00:00:00-08:00,,0.0
2020-03-12 00:00:00-08:00,,0.0
2020-03-13 00:00:00-08:00,,0.0
2020-03-14 00:00:00-08:00,198.12,0.0
2020-03-15 00:00:00-08:00,198.12,0.0
2020-03-16 00:00:00-08:00,193.802,0.0
2020-03-17 00:00:00-08:00,194.056,0.0
2020-03-18 00:00:00-08:00,202.94600000000003,0.0
2020-03-19 00:00:00-08:00,202.184,0.0
2020-03-20 00:00:00-08:00,198.62800000000001,0.0
2020-03-21 00:00:00-08:00,200.66,0.0
2020-03-22 00:00:00-08:00,,0.0
2020-03-23 00:00:00-08:00,,0.0
2020-03-24 00:00:00-08:00,202.94600000000003,0.0
2020-03-25 00:00:00-08:00,202.94600000000003,0.0
2020-03-26 00:00:00-08:00,210.05800000000002,0.0
2020-03-27 00:00:00-08:00,,0.0
2020-03-28 00:00:00-08:00,,0.0
2020-03-29 00:00:00-08:00,201.67600000000002,0.0
2020-03-30 00:00:00-08:00,201.168,0.0
2020-03-31 00:00:00-08:00,198.12,0.0
2020-04-01 00:00:00-08:00,196.85,0.0
2020-04-02 00:00:00-08:00,196.08800000000002,0.0
2020-04-03 00:00:00-08:00,194.564,0.0
2020-04-04 00:00:00-08:00,197.866,0.0
2020-04-05 00:00:00-08:00,194.818,0.0
2020-04-06 00:00:00-08:00,193.04,0.0
2020-04-07 00:00:00-08:00,200.152,0.0
2020-04-08 00:00:00-08:00,197.866,0.0
2020-04-09 00:00:00-08:00,198.374,0.0
2020-04-10 00:00:00-08:00,197.866,0.0
2020-04-11 00:00:00-08:00,196.34199999999998,0.0
2020-04-12 00:00:00-08:00,194.31,0.0
2020-04-13 00:00:00-08:00,,0.0
2020-04-14 00:00:00-08:00,208.788,0.0
2020-04-15 00:00:00-08:00,202.692,0.0
2020-04-16 00:00:00-08:00,,0.0
2020-04-17 00:00:00-08:00,,0.0
2020-04-18 00:00:00-08:00,,0.0
2020-04-19 00:00:00-08:00,,0.0
2020-04-20 00:00:00-08:00,,0.0
2020-04-21 00:00:00-08:00,,0.0
2020-04-22 00:00:00-08:00,,0.0
2020-04-23 00:00:00-08:00,,0.0
2020-04-24 00:00:00-08:00,,0.0
2020-04-25 00:00:00-08:00,,0.0
2020-04-26 00:00:00-08:00,,0.0
2020-04-27 00:00:00-08:00,,0.0
2020-04-28 00:00:00-08:00,,0.0
2020-04-29 00:00:00-08:00,,0.0
2020-04-30 00:00:00-08:00,,0.0
2020-05-01 00:00:00-08:00,,0.0
2020-05-02 00:00:00-08:00,,0.0
2020-05-03 00:00:00-08:00,,0.0
2020-05-04 00:00:00-08:00,,0.0
2020-05-05 00:00:00-08:00,,0.0
2020-05-06 00:00:00-08:00,,0.0
2020-05-07 00:00:00-08:00,,0.0
2020-05-08 00:00:00-08:00,,0.0
2020-05-09 00:00:00-08:00,167.132,0.0
2020-05-10 00:00:00-08:00,162.56,0.0
2020-05-11 00:00:00-08:00,155.956,0.0
2020-05-12 00:00:00-08:00,151.13,0.0
2020-05-13 00:00:00-08:00,141.22400000000002,0.0
2020-05-14 00:00:00-08:00,,0.0
2020-05-15 00:00:00-08:00,133.35,0.0
2020-05-16 00:00:00-08:00,,0.0
2020-05-17 00:00:00-08:00,,0.0
2020-05-18 00:00:00-08:00,116.84,0.0
2020-05-19 00:00:00-08:00,,0.0
2020-05-20 00:00:00-08:00,,0.0
2020-05-21 00:00:00-08:00,,0.0
2020-05-22 00:00:00-08:00,,0.0
2020-05-23 00:00:00-08:00,,0.0
2020-05-24 00:00:00-08:00,,0.0
2020-05-25 00:00:00-08:00,,0.0
2020-05-26 00:00:00-08:00,,0.0
2020-05-27 00:00:00-08:00,,0.0
2020-05-28 00:00:00-08:00,,0.0
2020-05-29 00:00:00-08:00,,0.0
2020-05-30 00:00:00-08:00,,0.0
2020-05-31 00:00:00-08:00,,0.0
2020-06-01 00:00:00-08:00,,0.0
2020-06-02 00:00:00-08:00,,0.0
2020-06-03 00:00:00-08:00,,0.0
2020-06-04 00:00:00-08:00,,0.0
2020-06-05 00:00:00-08:00,,0.0
2020-06-06 00:00:00-08:00,,0.0
2020-06-07 00:00:00-08:00,,0.0
2020-06-08 00:00:00-08:00,,0.0
2020-06-09 00:00:00-08:00,,0.0
2020-06-10 00:00:00-08:00,,0.0
2020-06-11 00:00:00-08:00,,0.0
2020-06-12 00:00:00-08:00,,0.0
2020-06-13 00:00:00-08:00,,0.0
2020-06-14 00:00:00-08:00,,0.0
2020-06-15 00:00:00-08:00,,0.0
2020-06-16 00:00:00-08:00,,0.0
2020-06-17 00:00:00-08:00,,0.0
2020-06-18 00:00:00-08:00,,0.0
2020-06-19 00:00:00-08:00,,0.0
2020-06-20 00:00:00-08:00,,0.0
2020-06-21 00:00:00-08:00,,0.0
2020-06-22 00:00:00-08:00,,0.0
2020-06-23 00:00:00-08:00,,0.0
2020-06-24 00:00:00-08:00,,0.0
2020-06-25 00:00:00-08:00,,0.0
2020-06-26 00:00:00-08:00,,0.0
2020-06-27 00:00:00-08:00,,0.0
2020-06-28 00:00:00-08:00,,0.0
2020-06-29 00:00:00-08:00,,0.0
2020-06-30 00:00:00-08:00,,0.0
2020-07-01 00:00:00-08:00,,0.0
2020-07-02 00:00:00-08:00,,0.0
2020-07-03 00:00:00-08:00,,0.0
2020-07-04 00:00:00-08:00,,0.0
2020-07-05 00:00:00-08:00,,0.0
2020-07-06 00:00:00-08:00,,0.0
2020-07-07 00:00:00-08:00,,0.0
