Date,SWin,T_RTD,Orig_Data
6/1/20 00:00,0.054544167,3.953080035,0
6/1/20 01:00,0.097298333,4.29896274,0
6/1/20 02:00,0.006776667,4.845347125,0
6/1/20 03:00,0.008096333,4.06438227,0
6/1/20 04:00,0.743041667,4.190052035,0
6/1/20 05:00,14.750665,4.036631865,0
6/1/20 06:00,48.042395,4.113399755,0
6/1/20 07:00,170.67619,4.83373434,0
6/1/20 08:00,242.34457,5.99256083,0
6/1/20 09:00,402.3237717,6.91048802,0
6/1/20 10:00,595.9533667,9.25123715,0
6/1/20 11:00,632.4913,10.74395663,0
6/1/20 12:00,743.5216,12.87869304,0
6/1/20 13:00,550.5607667,12.27635801,0
6/1/20 14:00,576.2479,12.95477125,0
6/1/20 15:00,319.27303,11.78459843,0
6/1/20 16:00,324.54175,10.68216835,0
6/1/20 17:00,351.8167733,10.65302694,0
6/1/20 18:00,391.8860467,11.94927929,0
6/1/20 19:00,490.4127267,12.93386978,0
6/1/20 20:00,318.0131806,11.16722415,0
6/1/20 21:00,105.08077,9.220233905,0
6/1/20 22:00,9.788299834,6.18228601,0
6/1/20 23:00,0.019739833,5.14273997,0
6/2/20 00:00,2.02E-05,4.710294225,0
6/2/20 01:00,0.000899167,4.48485155,0
6/2/20 02:00,0.000924,4.409582245,0
6/2/20 03:00,0.008906167,4.03823058,0
6/2/20 04:00,8.025206833,3.01989555,0
6/2/20 05:00,99.83784,3.8041612,0
6/2/20 06:00,171.023051,4.23724469,0
6/2/20 07:00,143.633685,5.527759045,0
6/2/20 08:00,206.15445,6.741289675,0
6/2/20 09:00,269.1814067,8.00325073,0
6/2/20 10:00,529.2382667,9.1436897,0
6/2/20 11:00,407.2651167,9.37722339,0
6/2/20 12:00,482.6036933,11.73799772,0
6/2/20 13:00,555.3633667,12.95208124,0
6/2/20 14:00,570.0637333,13.57930226,0
6/2/20 15:00,485.9161067,14.05340275,0
6/2/20 16:00,188.512998,11.74900303,0
6/2/20 17:00,147.7552317,10.43665442,0
6/2/20 18:00,229.8462508,9.58213702,0
6/2/20 19:00,223.2404883,8.402297085,0
6/2/20 20:00,108.187735,7.71934415,0
6/2/20 21:00,49.67563934,6.73097265,0
6/2/20 22:00,12.4318695,5.442140175,0
6/2/20 23:00,0.022820167,4.728897575,0
6/3/20 00:00,0.006609,4.124370845,0
6/3/20 01:00,0.008757833,3.719090875,0
6/3/20 02:00,0.008777833,3.833882425,0
6/3/20 03:00,0.032499833,3.5766049,0
6/3/20 04:00,7.750006,3.114647745,0
6/3/20 05:00,121.2293067,2.852258295,0
6/3/20 06:00,220.7295517,3.48076632,0
6/3/20 07:00,310.7331517,5.192910195,0
6/3/20 08:00,440.3573883,7.53313813,0
6/3/20 09:00,462.75853,8.75643502,0
6/3/20 10:00,603.3384333,10.13822228,0
6/3/20 11:00,650.2597667,11.30816438,0
6/3/20 12:00,395.24492,11.2880019,0
6/3/20 13:00,297.4279222,10.9195155,0
6/3/20 14:00,487.20061,11.68818591,0
6/3/20 15:00,311.0384589,12.21056612,0
6/3/20 16:00,434.7243233,13.0689544,0
6/3/20 17:00,274.1505767,12.35666198,0
6/3/20 18:00,131.132615,9.6320884,0
6/3/20 19:00,54.59504367,8.53888185,0
6/3/20 20:00,22.677957,5.751470945,0
6/3/20 21:00,19.34526533,4.489732235,0
6/3/20 22:00,3.456127667,3.976025725,0
6/3/20 23:00,0.289625667,3.83779421,0
6/4/20 00:00,0.004848333,3.537801405,0
6/4/20 01:00,0.034768833,3.51828339,0
6/4/20 02:00,0.049685167,3.481841895,0
6/4/20 03:00,0.032652667,3.49961363,0
6/4/20 04:00,3.493888,3.432985465,0
6/4/20 05:00,7.873198333,3.4349289,0
6/4/20 06:00,18.14498367,3.53173581,0
6/4/20 07:00,165.20844,3.754253895,0
6/4/20 08:00,216.690865,5.23416339,0
6/4/20 09:00,405.7577167,6.807299765,0
6/4/20 10:00,437.5238383,8.561319305,0
6/4/20 11:00,652.4803667,10.72464189,0
6/4/20 12:00,792.2590667,11.84180753,0
6/4/20 13:00,491.5552,10.59629699,0
6/4/20 14:00,762.2892167,12.76724358,0
6/4/20 15:00,768.38835,13.70956994,0
6/4/20 16:00,804.5137167,14.94258435,0
6/4/20 17:00,631.0520333,14.6669549,0
6/4/20 18:00,526.8415433,13.5871362,0
6/4/20 19:00,179.5887914,10.94284106,0
6/4/20 20:00,70.41410833,9.595057955,0
6/4/20 21:00,290.4706037,7.919502895,0
6/4/20 22:00,9.845307167,6.17813455,0
6/4/20 23:00,0.560612667,6.10595007,0
6/5/20 00:00,0.001195333,4.893610835,0
6/5/20 01:00,0,4.45080526,0
6/5/20 02:00,0.235860667,4.40042416,0
6/5/20 03:00,1.02777125,4.16056769,0
6/5/20 04:00,6.761868833,3.99676194,0
6/5/20 05:00,24.36579817,3.994622395,0
6/5/20 06:00,99.42680167,4.151304355,0
6/5/20 07:00,108.28062,5.392672105,0
6/5/20 08:00,198.17901,6.57079429,0
6/5/20 09:00,266.7630367,8.08594287,0
6/5/20 10:00,414.6418667,9.872880555,0
6/5/20 11:00,704.9658333,12.70341456,0
6/5/20 12:00,661.6510833,12.38875323,0
6/5/20 13:00,770.0672667,14.38349378,0
6/5/20 14:00,768.2656167,15.89969825,0
6/5/20 15:00,776.5607167,16.2332636,0
6/5/20 16:00,621.60135,16.22997015,0
6/5/20 17:00,172.7636547,12.49299365,0
6/5/20 18:00,628.2997333,15.788377,0
6/5/20 19:00,479.54346,12.7877606,0
6/5/20 20:00,84.84342,10.52257961,0
6/5/20 21:00,39.214032,8.298264875,0
6/5/20 22:00,7.261977166,6.364325365,0
6/5/20 23:00,0.233694833,5.1346707,0
6/6/20 00:00,0.003055333,5.35047214,0
6/6/20 01:00,0.002635333,4.01272406,0
6/6/20 02:00,0.009522333,3.25319246,0
6/6/20 03:00,0.030372,2.68417697,0
6/6/20 04:00,7.822042667,3.14511131,0
6/6/20 05:00,23.0470165,2.9411169,0
6/6/20 06:00,136.3821683,3.40473636,0
6/6/20 07:00,232.3126783,3.5381012,0
6/6/20 08:00,451.42321,7.252779855,0
6/6/20 09:00,596.4976167,9.99018267,0
6/6/20 10:00,668.4299167,11.55781133,0
6/6/20 11:00,743.6723333,13.3600847,0
6/6/20 12:00,796.8506833,15.0645706,0
6/6/20 13:00,788.2356,16.5314091,0
6/6/20 14:00,756.2283333,16.6362686,0
6/6/20 15:00,560.69555,15.9814539,0
6/6/20 16:00,712.6120166,17.52216465,0
6/6/20 17:00,423.44356,16.48104915,0
6/6/20 18:00,286.9614522,15.1664009,0
6/6/20 19:00,210.771488,14.22723305,0
6/6/20 20:00,313.7566822,13.43608525,0
6/6/20 21:00,326.6327167,10.78913,0
6/6/20 22:00,9.517443667,7.37773081,0
6/6/20 23:00,0.584516833,8.17333639,0
6/7/20 00:00,0.000405667,6.847673185,0
6/7/20 01:00,0.214275583,6.99756279,0
6/7/20 02:00,0.005717667,6.018319325,0
6/7/20 03:00,0.19625,5.655307705,0
6/7/20 04:00,12.24746017,5.862043,0
6/7/20 05:00,93.8321525,5.78730338,0
6/7/20 06:00,253.8408517,5.625833815,0
6/7/20 07:00,176.26188,6.562645095,0
6/7/20 08:00,218.154125,7.461671055,0
6/7/20 09:00,176.8600917,8.224669245,0
6/7/20 10:00,285.3501067,9.939678815,0
6/7/20 11:00,656.1367667,12.55802255,0
6/7/20 12:00,443.8782767,13.42358765,0
6/7/20 13:00,561.6701833,14.9543225,0
6/7/20 14:00,634.0696833,16.09157985,0
6/7/20 15:00,644.1222667,16.91343325,0
6/7/20 16:00,539.7396667,16.3436204,0
6/7/20 17:00,351.4863278,15.7774085,0
6/7/20 18:00,132.6627731,13.8533627,0
6/7/20 19:00,66.00755067,12.5828517,0
6/7/20 20:00,36.18624783,8.915236355,0
6/7/20 21:00,11.53736967,7.3419576,0
6/7/20 22:00,2.913763333,6.757368875,0
6/7/20 23:00,0.0460175,6.19783398,0
6/8/20 00:00,0.009641833,5.619493,0
6/8/20 01:00,0.013103,5.3842534,0
6/8/20 02:00,0.094081,4.78393701,0
6/8/20 03:00,0.000992833,4.46421552,0
6/8/20 04:00,0.784911333,4.501044815,0
6/8/20 05:00,8.111446667,4.295219735,0
6/8/20 06:00,22.57235217,4.395596095,0
6/8/20 07:00,45.24815334,4.558864285,0
6/8/20 08:00,151.1494667,5.014838475,0
6/8/20 09:00,221.6142817,5.97971383,0
6/8/20 10:00,249.9872967,6.148142255,0
6/8/20 11:00,214.2342483,6.039979835,0
6/8/20 12:00,154.3308817,5.88390973,0
6/8/20 13:00,153.09379,5.479277375,0
6/8/20 14:00,246.122878,6.000639195,0
6/8/20 15:00,228.2276547,6.019891705,0
6/8/20 16:00,221.3799464,5.756710975,0
6/8/20 17:00,194.0269347,6.179819875,0
6/8/20 18:00,138.2059467,5.61035554,0
6/8/20 19:00,100.5702413,4.89869992,0
6/8/20 20:00,43.42748,4.43131167,0
6/8/20 21:00,23.03334067,4.75941014,0
6/8/20 22:00,14.774842,3.63756062,0
6/8/20 23:00,0.252638417,3.811803455,0
6/9/20 00:00,0.026145333,3.620599555,0
6/9/20 01:00,0.100372,3.561171745,0
6/9/20 02:00,0.007480667,3.576987595,0
6/9/20 03:00,0.260665417,3.62930203,0
6/9/20 04:00,7.219092667,3.49679753,0
6/9/20 05:00,42.66265667,3.42112073,0
6/9/20 06:00,255.15592,3.46768839,0
6/9/20 07:00,206.8226867,4.568060095,0
6/9/20 08:00,298.516095,5.477746095,0
6/9/20 09:00,435.243545,7.199477105,0
6/9/20 10:00,572.979615,8.503789615,0
6/9/20 11:00,561.4841817,8.742361785,0
6/9/20 12:00,472.37875,10.57804177,0
6/9/20 13:00,654.3935,11.02320036,0
6/9/20 14:00,753.0985833,13.15788281,0
6/9/20 15:00,751.2613833,14.60996474,0
6/9/20 16:00,688.6281167,14.9962189,0
6/9/20 17:00,607.9183333,14.17697239,0
6/9/20 18:00,474.5110767,14.5013986,0
6/9/20 19:00,376.1866,14.10565956,0
6/9/20 20:00,247.8732683,12.77775186,0
6/9/20 21:00,324.3618817,9.98401447,0
6/9/20 22:00,12.59627317,7.16699842,0
6/9/20 23:00,0.955652167,5.49147721,0
6/10/20 00:00,0.000503,5.000996585,0
6/10/20 01:00,0.002775333,4.06652936,0
6/10/20 02:00,0.0056265,3.65798958,0
6/10/20 03:00,0.134009333,3.88036511,0
6/10/20 04:00,7.891002834,3.67893185,0
6/10/20 05:00,24.51038483,3.67433356,0
6/10/20 06:00,144.2761167,3.825750695,0
6/10/20 07:00,248.76532,5.648136455,0
6/10/20 08:00,245.6315767,7.16189041,0
6/10/20 09:00,347.01516,8.73366813,0
6/10/20 10:00,454.2119933,10.29270336,0
6/10/20 11:00,419.8970333,11.53583121,0
6/10/20 12:00,656.9994167,12.8254839,0
6/10/20 13:00,784.3337167,15.3201723,0
6/10/20 14:00,786.6384833,16.1000259,0
6/10/20 15:00,489.1812967,14.629628,0
6/10/20 16:00,288.6418967,12.58923741,0
6/10/20 17:00,384.7916933,12.65336055,0
6/10/20 18:00,315.49356,12.8615164,0
6/10/20 19:00,391.3696833,12.8348139,0
6/10/20 20:00,148.115625,11.09650529,0
6/10/20 21:00,76.35278834,10.44769983,0
6/10/20 22:00,15.51575483,8.490770635,0
6/10/20 23:00,0.8390235,7.55673079,0
6/11/20 00:00,0.047035667,5.93898039,0
6/11/20 01:00,0.065509,5.4762342,0
6/11/20 02:00,0.0673605,5.442080385,0
6/11/20 03:00,0.009370333,4.916920325,0
6/11/20 04:00,3.825983333,4.36824659,0
6/11/20 05:00,25.31617567,4.70436965,0
6/11/20 06:00,68.04509833,5.087898085,0
6/11/20 07:00,99.60560667,5.26459417,0
6/11/20 08:00,120.29985,5.94571056,0
6/11/20 09:00,372.8419,7.98712999,0
6/11/20 10:00,347.7007889,9.632060535,0
6/11/20 11:00,391.7097833,10.81254038,0
6/11/20 12:00,492.1381167,10.86273531,0
6/11/20 13:00,507.2222833,11.03673425,0
6/11/20 14:00,534.18211,12.81714345,0
6/11/20 15:00,567.8896,15.4803793,0
6/11/20 16:00,806.4128833,16.1471412,0
6/11/20 17:00,607.0405933,16.3127274,0
6/11/20 18:00,601.2162133,16.06226585,0
6/11/20 19:00,284.2038006,14.2563631,0
6/11/20 20:00,167.1305689,13.3708158,0
6/11/20 21:00,136.7464417,11.22371995,0
6/11/20 22:00,16.01751783,9.45443937,0
6/11/20 23:00,0.470811667,8.13136086,0
6/12/20 00:00,0,6.391303475,0
6/12/20 01:00,2.35E-05,5.21800671,0
6/12/20 02:00,0.018973,5.458476465,0
6/12/20 03:00,0.021208333,5.227133175,0
6/12/20 04:00,8.666353167,4.723693895,0
6/12/20 05:00,23.87648667,4.44853236,0
6/12/20 06:00,273.5394,4.90722935,0
6/12/20 07:00,331.4597417,5.521757135,0
6/12/20 08:00,420.3046717,8.163490915,0
6/12/20 09:00,248.050795,8.67534038,0
6/12/20 10:00,273.8564467,9.368864175,0
6/12/20 11:00,637.0847333,12.4766872,0
6/12/20 12:00,185.7519791,11.21220947,0
6/12/20 13:00,244.38016,8.67213449,0
6/12/20 14:00,647.94245,12.37528397,0
6/12/20 15:00,739.0395833,14.9085816,0
6/12/20 16:00,760.8774667,16.22289245,0
6/12/20 17:00,600.5641933,16.254678,0
6/12/20 18:00,466.5189167,15.7746589,0
6/12/20 19:00,285.7530617,13.81774965,0
6/12/20 20:00,157.6789767,12.91009876,0
6/12/20 21:00,78.26560667,10.97224344,0
6/12/20 22:00,10.312528,8.41780804,0
6/12/20 23:00,0.489141,6.373368995,0
6/13/20 00:00,0.005833833,6.07932618,0
6/13/20 01:00,4.02E-05,5.80923587,0
6/13/20 02:00,0.000883833,5.80346049,0
6/13/20 03:00,0.174213167,5.420453975,0
6/13/20 04:00,7.9448035,4.494947945,0
6/13/20 05:00,24.001029,5.16215865,0
6/13/20 06:00,142.5743667,4.96581829,0
6/13/20 07:00,267.544555,6.364024685,0
6/13/20 08:00,344.8942264,8.721160225,0
6/13/20 09:00,601.593,11.28464428,0
6/13/20 10:00,624.2994833,12.82782554,0
6/13/20 11:00,745.6051333,14.7529092,0
6/13/20 12:00,748.3176833,16.04397995,0
6/13/20 13:00,643.4799167,16.3084932,0
6/13/20 14:00,780.6795167,17.8132523,0
6/13/20 15:00,763.1150333,18.5096114,0
6/13/20 16:00,588.9637167,17.96593435,0
6/13/20 17:00,481.6455667,17.5039,0
6/13/20 18:00,403.1043333,15.89401895,0
6/13/20 19:00,61.27128234,12.85928125,0
6/13/20 20:00,90.744023,11.68755633,0
6/13/20 21:00,57.778725,9.661244735,0
6/13/20 22:00,10.79328333,8.678189235,0
6/13/20 23:00,0.476806333,8.08250619,0
6/14/20 00:00,0.124567417,6.96819511,0
6/14/20 01:00,0.1573465,7.216813825,0
6/14/20 02:00,0.045803167,6.421687545,0
6/14/20 03:00,0.058292,6.05889161,0
6/14/20 04:00,6.375105833,5.82097757,0
6/14/20 05:00,22.25350683,6.57579645,0
6/14/20 06:00,69.53045667,7.16626178,0
6/14/20 07:00,249.4832733,6.35863924,0
6/14/20 08:00,457.6169767,9.296326465,0
6/14/20 09:00,587.3846333,11.77218539,0
6/14/20 10:00,646.2254167,13.2530668,0
6/14/20 11:00,740.1334667,15.8959097,0
6/14/20 12:00,769.2722333,16.4317064,0
6/14/20 13:00,606.2430333,16.51055425,0
6/14/20 14:00,627.0213667,17.29893445,0
6/14/20 15:00,763.2726,18.45515465,0
6/14/20 16:00,728.3395167,18.44883675,0
6/14/20 17:00,571.44541,17.83609755,0
6/14/20 18:00,563.81361,17.66766115,0
6/14/20 19:00,280.2906167,15.28619645,0
6/14/20 20:00,165.2059514,14.06347775,0
6/14/20 21:00,17.56246483,12.47332059,0
6/14/20 22:00,4.63196,11.41853505,0
6/14/20 23:00,0.129524,9.596173435,0
6/15/20 00:00,0.183401917,8.305997715,0
6/15/20 01:00,0.190471167,7.65839568,0
6/15/20 02:00,0.048875667,6.750080885,0
6/15/20 03:00,0.048184917,6.102000965,0
6/15/20 04:00,6.602219333,5.48556866,0
6/15/20 05:00,14.3467395,5.47268921,0
6/15/20 06:00,63.740043,5.602526525,0
6/15/20 07:00,78.85089834,6.88426277,0
6/15/20 08:00,123.62126,7.55917718,0
6/15/20 09:00,247.6502133,8.875471515,0
6/15/20 10:00,349.9053833,9.941741645,0
6/15/20 11:00,528.2869,12.08007173,0
6/15/20 12:00,480.3390333,12.71670795,0
6/15/20 13:00,643.0499,14.25406555,0
6/15/20 14:00,778.95445,15.86969045,0
6/15/20 15:00,762.0023667,16.1906093,0
6/15/20 16:00,761.3386833,17.4050837,0
6/15/20 17:00,542.4119167,17.0274223,0
6/15/20 18:00,531.9590833,16.23670765,0
6/15/20 19:00,251.240015,14.26846795,0
6/15/20 20:00,197.3536172,13.9773192,0
6/15/20 21:00,71.75001667,11.15173082,0
6/15/20 22:00,10.7243005,9.343641705,0
6/15/20 23:00,1.809480167,8.775621065,0
6/16/20 00:00,0.000311833,7.2735244,0
6/16/20 01:00,0.006137333,6.429783125,0
6/16/20 02:00,0,5.897889535,0
6/16/20 03:00,0.959777167,5.47958473,0
6/16/20 04:00,7.115402666,5.388725355,0
6/16/20 05:00,37.784541,5.87912597,0
6/16/20 06:00,80.10392834,7.15199395,0
6/16/20 07:00,171.1665633,8.351864055,0
6/16/20 08:00,166.1527,9.308701335,0
6/16/20 09:00,204.7512883,9.688522305,0
6/16/20 10:00,348.31671,10.71889471,0
6/16/20 11:00,484.68635,12.15806405,0
6/16/20 12:00,487.17526,13.5751499,0
6/16/20 13:00,734.4353667,15.87807815,0
6/16/20 14:00,773.7119667,16.4951076,0
6/16/20 15:00,640.0249333,17.02296815,0
6/16/20 16:00,756.7518,17.44463065,0
6/16/20 17:00,368.6218389,15.9412254,0
6/16/20 18:00,356.7545967,15.5384148,0
6/16/20 19:00,326.3186556,16.34025035,0
6/16/20 20:00,88.47881833,14.3875692,0
6/16/20 21:00,24.2804545,13.04688322,0
6/16/20 22:00,9.317620999,11.3814098,0
6/16/20 23:00,0.625669333,10.00317563,0
6/17/20 00:00,0.003331667,7.353390715,0
6/17/20 01:00,0,5.489184975,0
6/17/20 02:00,0.005558,5.387039445,0
6/17/20 03:00,0.212531667,5.11143395,0
6/17/20 04:00,12.5537625,5.60543532,0
6/17/20 05:00,89.29785334,5.315236015,0
6/17/20 06:00,135.99872,5.43386315,0
6/17/20 07:00,276.2609917,5.43693053,0
6/17/20 08:00,272.1817547,8.09405274,0
6/17/20 09:00,292.5186333,10.40117098,0
6/17/20 10:00,282.9437667,11.12744596,0
6/17/20 11:00,235.7509017,10.93497146,0
6/17/20 12:00,199.7850038,11.24057119,0
6/17/20 13:00,324.8348333,12.71312751,0
6/17/20 14:00,321.82721,13.30591365,0
6/17/20 15:00,191.8888889,12.7499,1
6/17/20 16:00,189.2966667,14.202355,1
6/17/20 17:00,178.275,13.853245,1
6/17/20 18:00,222.4733334,11.55579,1
6/17/20 19:00,202.6483333,11.569595,1
6/17/20 20:00,152.2576667,10.77525,1
6/17/20 21:00,29.216,8.5249985,1
6/17/20 22:00,10.45238334,6.3742845,1
6/17/20 23:00,1.022166667,5.975624,1
6/18/20 00:00,0.01175,5.5325245,1
6/18/20 01:00,0,4.741391,1
6/18/20 02:00,0.044966667,4.309698,1
6/18/20 03:00,0.868266667,4.551968,1
6/18/20 04:00,8.720416667,4.0775645,1
6/18/20 05:00,24.34883334,4.067018,1
6/18/20 06:00,49.93433334,4.3096775,1
6/18/20 07:00,67.75066667,4.7415625,1
6/18/20 08:00,87.63333334,4.920253,1
6/18/20 09:00,120.2616667,5.2575945,1
6/18/20 10:00,212.1716667,5.710662,1
6/18/20 11:00,319.865,6.924043,1
6/18/20 12:00,341.3616667,8.147414,1
6/18/20 13:00,328.4666667,8.66346,1
6/18/20 14:00,484.3083334,9.170807,1
6/18/20 15:00,447.2666667,10.300405,1
6/18/20 16:00,250.8483334,10.574785,1
6/18/20 17:00,225.5966667,8.5983915,1
6/18/20 18:00,306.3366667,8.5361775,1
6/18/20 19:00,174.2833334,8.7475245,1
6/18/20 20:00,96.11733332,7.3966025,1
6/18/20 21:00,25.36966667,6.195146,1
6/18/20 22:00,12.8045,5.7949555,1
6/18/20 23:00,0.377433334,5.236553,1
6/19/20 00:00,0,4.804593,1
6/19/20 01:00,0.0346,4.214477,1
6/19/20 02:00,0.108466667,4.1196885,1
6/19/20 03:00,1.176,4.298943,1
6/19/20 04:00,6.335166667,4.4040825,1
6/19/20 05:00,17.571,4.5517625,1
6/19/20 06:00,42.32683334,5.2903375,1
6/19/20 07:00,93.13816669,5.807107,1
6/19/20 08:00,184.9633333,5.9854235,1
6/19/20 09:00,462.6433333,7.748062,1
6/19/20 10:00,553.85,10.669415,1
6/19/20 11:00,740.6866667,11.794025,1
6/19/20 12:00,706.6466667,13.27174,1
6/19/20 13:00,863.3466667,14.91632,1
6/19/20 14:00,653.5716667,15.973265,1
6/19/20 15:00,635.975,15.87025,1
6/19/20 16:00,581.0933334,17.002975,1
6/19/20 17:00,327.3266667,14.635625,1
6/19/20 18:00,300.805,14.53789,1
6/19/20 19:00,154.7615,14.86727,1
6/19/20 20:00,56.24916667,12.899865,1
6/19/20 21:00,35.34016667,11.804315,1
6/19/20 22:00,12.18545,7.417682,1
6/19/20 23:00,0.902916667,6.4275235,1
6/20/20 00:00,0.106,6.8412725,1
6/20/20 01:00,0,5.3311205,1
6/20/20 02:00,0.00235,4.9628145,1
6/20/20 03:00,0.147,4.562083,1
6/20/20 04:00,3.037766667,4.667423,1
6/20/20 05:00,12.0765,4.9524925,1
6/20/20 06:00,30.8165,4.456751,1
6/20/20 07:00,64.08733334,4.7203005,1
6/20/20 08:00,105.4283333,5.173316,1
6/20/20 09:00,149.6066667,5.7111355,1
6/20/20 10:00,173.1,6.312136,1
6/20/20 11:00,238.28,6.9975815,1
6/20/20 12:00,283.595,8.232136,1
6/20/20 13:00,343.1433334,9.446228,1
6/20/20 14:00,440.665,9.9717475,1
6/20/20 15:00,274.5816667,10.43455,1
6/20/20 16:00,155.585,9.812838,1
6/20/20 17:00,92.11316665,8.060703,1
6/20/20 18:00,64.8885,8.1694115,1
6/20/20 19:00,32.72716667,8.71944,1
6/20/20 20:00,29.35933333,8.159001,1
6/20/20 21:00,16.35716667,7.177088,1
6/20/20 22:00,5.668333333,6.702423,1
6/20/20 23:00,0.322083334,5.425943,1
6/21/20 00:00,0,5.162793,1
6/21/20 01:00,0,5.194867,1
6/21/20 02:00,0.00335,4.4040865,1
6/21/20 03:00,0.500416666,4.035434,1
6/21/20 04:00,4.111116667,3.866917,1
6/21/20 05:00,14.61001667,3.656128,1
6/21/20 06:00,31.34466667,3.8563845,1
6/21/20 07:00,91.46916669,3.940472,1
6/21/20 08:00,166.6466667,4.8783495,1
6/21/20 09:00,188.5266667,5.858448,1
6/21/20 10:00,141.135,5.8790055,1
6/21/20 11:00,184.2916667,6.575751,1
6/21/20 12:00,193.2983334,7.641596,1
6/21/20 13:00,277.8583333,8.1062715,1
6/21/20 14:00,241.7266667,8.559781,1
6/21/20 15:00,212.0383334,6.996056,1
6/21/20 16:00,189.1683333,6.9753175,1
6/21/20 17:00,133.0168333,6.785573,1
6/21/20 18:00,191.2866667,8.012064,1
6/21/20 19:00,108.7866667,6.6062,1
6/21/20 20:00,79.8295,5.963586,1
6/21/20 21:00,27.15833334,5.5950345,1
6/21/20 22:00,6.921583333,4.635823,1
6/21/20 23:00,1.007733333,4.2776815,1
6/22/20 00:00,0,3.8351625,1
6/22/20 01:00,0,3.21371,1
6/22/20 02:00,0,2.9292955,1
6/22/20 03:00,0.616316667,2.9190305,1
6/22/20 04:00,6.084733333,2.918915,1
6/22/20 05:00,23.90366667,3.055911,1
6/22/20 06:00,87.13650002,3.487788,1
6/22/20 07:00,320.9983334,4.424957,1
6/22/20 08:00,419.18,7.629405,1
6/22/20 09:00,354.8966667,8.102192,1
6/22/20 10:00,638.39,8.8296185,1
6/22/20 11:00,664.6116667,9.7765075,1
6/22/20 12:00,410.545,10.897335,1
6/22/20 13:00,442.8166667,10.655175,1
6/22/20 14:00,447.24,11.193675,1
6/22/20 15:00,367.3583334,11.87034,1
6/22/20 16:00,269.4783333,12.645405,1
6/22/20 17:00,145.0833333,11.47033,1
6/22/20 18:00,101.8153334,9.5372045,1
6/22/20 19:00,164.7751667,8.124997,1
6/22/20 20:00,105.0491667,7.4710845,1
6/22/20 21:00,33.45716667,6.4585885,1
6/22/20 22:00,6.2386,5.9005955,1
6/22/20 23:00,0.297566666,5.4578255,1
6/23/20 00:00,0.003016667,5.320817,1
6/23/20 01:00,0.029183334,5.14196,1
6/23/20 02:00,0.039933334,4.878328,1
6/23/20 03:00,0.23525,5.099994,1
6/23/20 04:00,4.4738,4.5622975,1
6/23/20 05:00,31.394,4.341074,1
6/23/20 06:00,92.57500002,4.393547,1
6/23/20 07:00,130.7683334,5.1627865,1
6/23/20 08:00,142.3316667,5.9954315,1
6/23/20 09:00,249.59,6.8919155,1
6/23/20 10:00,309.1516667,8.589983,1
6/23/20 11:00,343.2116667,10.554505,1
6/23/20 12:00,312.5333334,9.273574,1
6/23/20 13:00,548.35,11.051955,1
6/23/20 14:00,685.195,12.03986,1
6/23/20 15:00,368.0166667,10.22992,1
6/23/20 16:00,338.6,9.3884675,1
6/23/20 17:00,154.3906667,8.408598,1
6/23/20 18:00,118.301,7.333651,1
6/23/20 19:00,67.9,7.1345895,1
6/23/20 20:00,29.7955,6.5870715,1
6/23/20 21:00,33.31133334,6.006211,1
6/23/20 22:00,3.303983334,5.3418755,1
6/23/20 23:00,0.126833334,4.994687,1
6/24/20 00:00,0.0084,4.910137,1
6/24/20 01:00,0,4.836404,1
6/24/20 02:00,0,4.61496,1
6/24/20 03:00,0.2789,4.362153,1
6/24/20 04:00,6.881166666,3.7930405,1
6/24/20 05:00,29.04883334,3.6141535,1
6/24/20 06:00,60.5205,4.109152,1
6/24/20 07:00,88.01266665,4.6992355,1
6/24/20 08:00,198.89,5.8165215,1
6/24/20 09:00,261.9466667,7.7048585,1
6/24/20 10:00,337.6333334,8.7594525,1
6/24/20 11:00,472.5516667,9.253258,1
6/24/20 12:00,529.97,10.360265,1
6/24/20 13:00,369.425,11.100545,1
6/24/20 14:00,286.2866667,11.0886,1
6/24/20 15:00,366.725,9.8220155,1
6/24/20 16:00,215.465,10.267065,1
6/24/20 17:00,272.27,10.746265,1
6/24/20 18:00,383.7916667,10.1615735,1
6/24/20 19:00,241.9183333,10.44466,1
6/24/20 20:00,142.1855,10.838385,1
6/24/20 21:00,42.50183334,8.5877135,1
6/24/20 22:00,9.940683334,6.5428965,1
6/24/20 23:00,0.2878,4.5092995,1
6/25/20 00:00,0.005366667,3.5926295,1
6/25/20 01:00,0,4.6157295,1
6/25/20 02:00,0,4.763462,1
6/25/20 03:00,0.0094,3.582573,1
6/25/20 04:00,9.026233335,2.1715515,1
6/25/20 05:00,25.88866667,1.971549,1
6/25/20 06:00,160.7855,2.0872095,1
6/25/20 07:00,280.825,4.6357595,1
6/25/20 08:00,411.905,7.0607415,1
6/25/20 09:00,596.315,8.999404,1
6/25/20 10:00,677.6283334,10.612575,1
6/25/20 11:00,608.3833334,12.31149,1
6/25/20 12:00,552.505,13.663895,1
6/25/20 13:00,356.2366667,14.090775,1
6/25/20 14:00,462.0816667,14.029125,1
6/25/20 15:00,387.6483334,14.60006,1
6/25/20 16:00,301.705,14.133595,1
6/25/20 17:00,253.245,13.098365,1
6/25/20 18:00,287.4883333,12.307565,1
6/25/20 19:00,198.3966667,11.905945,1
6/25/20 20:00,126.635,11.09274,1
6/25/20 21:00,69.87433334,11.073935,1
6/25/20 22:00,15.42848333,7.1750465,1
6/25/20 23:00,0.872433334,5.141263,1
6/26/20 00:00,0,4.720294,1
6/26/20 01:00,0,3.382472,1
6/26/20 02:00,0,3.4142245,1
6/26/20 03:00,0.14835,3.4253185,1
6/26/20 04:00,7.782283335,2.2558525,1
6/26/20 05:00,33.11483334,2.48758,1
6/26/20 06:00,138.6715,3.0560445,1
6/26/20 07:00,184.9933334,4.488352,1
6/26/20 08:00,447.8583333,6.5655755,1
6/26/20 09:00,593.865,11.13727,1
6/26/20 10:00,642.9216667,11.804565,1
6/26/20 11:00,657.2416667,12.9868,1
6/26/20 12:00,663.5,13.908975,1
6/26/20 13:00,882.8133334,15.22196,1
6/26/20 14:00,816.305,17.000175,1
6/26/20 15:00,796.4983333,16.795485,1
6/26/20 16:00,642.925,18.080365,1
6/26/20 17:00,378.5733334,17.08007,1
6/26/20 18:00,100.1678333,14.480255,1
6/26/20 19:00,183.1565,13.07097,1
6/26/20 20:00,172.0226667,13.980435,1
6/26/20 21:00,31.24116667,10.9101185,1
6/26/20 22:00,12.67211667,7.660142,1
6/26/20 23:00,1.006083333,6.8816615,1
6/27/20 00:00,0.025833334,6.989251,1
6/27/20 01:00,0,5.879999,1
6/27/20 02:00,0,4.99442,1
6/27/20 03:00,0.256383334,4.700032,1
6/27/20 04:00,7.8155,4.1098815,1
6/27/20 05:00,21.4215,3.5089855,1
6/27/20 06:00,174.2251667,3.7722865,1
6/27/20 07:00,329.8266667,6.4386795,1
6/27/20 08:00,473.355,8.970848,1
6/27/20 09:00,595.3783334,11.632065,1
6/27/20 10:00,684.235,13.328315,1
6/27/20 11:00,788.6966667,14.59585,1
6/27/20 12:00,828.1833334,15.730925,1
6/27/20 13:00,839.3666667,17.27634,1
6/27/20 14:00,813.005,17.983765,1
6/27/20 15:00,754.435,18.110625,1
6/27/20 16:00,654.345,18.013225,1
6/27/20 17:00,534.5116667,17.30316,1
6/27/20 18:00,365.5293334,16.872,1
6/27/20 19:00,174.6023333,14.70689,1
6/27/20 20:00,83.11633331,13.724695,1
6/27/20 21:00,48.53116667,10.19277,1
6/27/20 22:00,14.3175,8.45337,1
6/27/20 23:00,0.561,8.065114,1
6/28/20 00:00,0,6.862058,1
6/28/20 01:00,0,6.884201,1
6/28/20 02:00,0,6.620573,1
6/28/20 03:00,0.757266667,6.8106505,1
6/28/20 04:00,11.59805,6.387519,1
6/28/20 05:00,42.46116667,6.4191445,1
6/28/20 06:00,102.0761667,6.926383,1
6/28/20 07:00,181.055,7.971881,1
6/28/20 08:00,232.5733334,8.65614,1
6/28/20 09:00,302.1083333,9.7647945,1
6/28/20 10:00,221.5,11.307155,1
6/28/20 11:00,113.132,11.25437,1
6/28/20 12:00,66.94266667,12.283165,1
6/28/20 13:00,132.3521667,9.045906,1
6/28/20 14:00,225.6233334,8.465906,1
6/28/20 15:00,210.3116667,8.898796,1
6/28/20 16:00,133.2116667,8.358018,1
6/28/20 17:00,87.234,8.0526075,1
6/28/20 18:00,81.01216667,7.8949915,1
6/28/20 19:00,88.6515,7.3784825,1
6/28/20 20:00,38.3465,7.4629905,1
6/28/20 21:00,16.10916667,6.639478,1
6/28/20 22:00,4.342633334,4.951861,1
6/28/20 23:00,0.213083334,4.2566195,1
6/29/20 00:00,0.022816667,4.077552,1
6/29/20 01:00,0.057066667,3.6245325,1
6/29/20 02:00,0.01275,3.4770995,1
6/29/20 03:00,0.725983334,3.5614985,1
6/29/20 04:00,7.71275,3.4034,1
6/29/20 05:00,21.63133334,3.4139225,1
6/29/20 06:00,46.26383334,3.5297635,1
6/29/20 07:00,267.81,4.3619605,1
6/29/20 08:00,430.9383333,7.2499495,1
6/29/20 09:00,571.1366667,8.936145,1
6/29/20 10:00,445.5316667,9.9902745,1
6/29/20 11:00,522.7766667,10.79232,1
6/29/20 12:00,382.7816667,11.17206,1
6/29/20 13:00,494.935,11.384995,1
6/29/20 14:00,503.3416667,12.166785,1
6/29/20 15:00,505.0516667,11.679435,1
6/29/20 16:00,575.8533333,12.31307,1
6/29/20 17:00,500.9016667,13.68728,1
6/29/20 18:00,444.1483334,13.62565,1
6/29/20 19:00,273.5233334,12.875245,1
6/29/20 20:00,146.4321667,11.73362,1
6/29/20 21:00,34.896,10.1725265,1
6/29/20 22:00,11.07303334,8.696953,1
6/29/20 23:00,0.624766667,7.5783205,1
6/30/20 00:00,0.039566667,6.42781,1
6/30/20 01:00,0,6.407528,1
6/30/20 02:00,0.08155,5.70084,1
6/30/20 03:00,0.06475,5.616789,1
6/30/20 04:00,1.787816667,5.3744165,1
6/30/20 05:00,22.07791667,5.195292,1
6/30/20 06:00,35.29166666,5.4903595,1
6/30/20 07:00,62.12016667,5.468548,1
6/30/20 08:00,76.58016667,5.921918,1
6/30/20 09:00,129.89,6.406706,1
6/30/20 10:00,442.4516667,7.4833735,1
6/30/20 11:00,579.2666667,11.369325,1
6/30/20 12:00,492.5883334,12.84338,1
6/30/20 13:00,174.7783333,11.024955,1
6/30/20 14:00,314.9766667,10.1848695,1
6/30/20 15:00,118.3895,9.6037415,1
6/30/20 16:00,170.5283334,8.6016095,1
6/30/20 17:00,241.4883334,8.5387065,1
6/30/20 18:00,375.4533334,10.76784,1
6/30/20 19:00,227.42,9.643952,1
6/30/20 20:00,141.7126667,9.169357,1
6/30/20 21:00,64.50533333,8.198446,1
6/30/20 22:00,9.914200002,6.4796525,1
6/30/20 23:00,0.385466667,5.595523,1
7/1/20 00:00,0,5.037423,1
7/1/20 01:00,0,4.9957,1
7/1/20 02:00,0,4.3838585,1
7/1/20 03:00,0.057733334,3.877774,1
7/1/20 04:00,12.82893333,3.9411565,1
7/1/20 05:00,38.39783334,3.888484,1
7/1/20 06:00,164.8685,4.43684,1
7/1/20 07:00,341.78,6.2060005,1
7/1/20 08:00,447.6866667,9.066021,1
7/1/20 09:00,561.4933334,11.63296,1
7/1/20 10:00,702.27,12.76867,1
7/1/20 11:00,790.1866667,14.925135,1
7/1/20 12:00,827.6333333,16.059815,1
7/1/20 13:00,827.85,16.546595,1
7/1/20 14:00,794.0766667,17.1918,1
7/1/20 15:00,727.1566667,17.380605,1
7/1/20 16:00,637.1116667,17.391165,1
7/1/20 17:00,522.7333334,17.062845,1
7/1/20 18:00,391.5,17.492075,1
7/1/20 19:00,264.13,13.219485,1
7/1/20 20:00,150.1316667,12.00846,1
7/1/20 21:00,63.0155,11.17774,1
7/1/20 22:00,9.413000002,8.917591,1
7/1/20 23:00,0.3826,8.202534,1
7/2/20 00:00,0,7.8340155,1
7/2/20 01:00,0,7.984059,1
7/2/20 02:00,0,7.28617,1
7/2/20 03:00,0.035233334,7.053808,1
7/2/20 04:00,7.380483332,5.892437,1
7/2/20 05:00,22.56283334,5.575818,1
7/2/20 06:00,149.7435,5.354243,1
7/2/20 07:00,335.92,7.039447,1
7/2/20 08:00,471.8383333,9.8379485,1
7/2/20 09:00,596.4966667,12.023555,1
7/2/20 10:00,699.0666667,13.72351,1
7/2/20 11:00,769.435,16.64434,1
7/2/20 12:00,809.1383334,17.394745,1
7/2/20 13:00,805.7033334,18.411875,1
7/2/20 14:00,704.3983333,17.60032,1
7/2/20 15:00,536.7233333,18.060675,1
7/2/20 16:00,496.1233334,16.98124,1
7/2/20 17:00,410.2333334,16.802175,1
7/2/20 18:00,116.159,15.946175,1
7/2/20 19:00,122,13.05714,1
7/2/20 20:00,65.7825,12.39457,1
7/2/20 21:00,53.763,11.26347,1
7/2/20 22:00,14.79575,10.3022295,1
7/2/20 23:00,0.773866667,8.1165095,1
7/3/20 00:00,0,7.611885,1
7/3/20 01:00,0,7.137066,1
7/3/20 02:00,0,5.912119,1
7/3/20 03:00,0.014433334,6.271802,1
7/3/20 04:00,7.36215,5.4486215,1
7/3/20 05:00,26.05716667,5.903205,1
7/3/20 06:00,139.5173333,6.483771,1
7/3/20 07:00,319.7433333,8.6038845,1
7/3/20 08:00,444.2133334,9.9961805,1
7/3/20 09:00,580.605,12.955895,1
7/3/20 10:00,689.8183334,14.517765,1
7/3/20 11:00,767.29,15.96695,1
7/3/20 12:00,810.75,17.652875,1
7/3/20 13:00,820.8333334,18.646715,1
7/3/20 14:00,789.4283333,18.72902,1
7/3/20 15:00,729.09,18.45049,1
7/3/20 16:00,635.1183334,18.56582,1
7/3/20 17:00,511.9583334,17.940715,1
7/3/20 18:00,384.3083334,17.36159,1
7/3/20 19:00,250.2873334,16.370275,1
7/3/20 20:00,142.9083333,14.188345,1
7/3/20 21:00,58.8875,12.44635,1
7/3/20 22:00,9.090149999,10.566053,1
7/3/20 23:00,0.16225,9.839824,1
7/4/20 00:00,0,8.7842925,1
7/4/20 01:00,0,8.235942,1
7/4/20 02:00,0,7.5172915,1
7/4/20 03:00,0.076833333,7.6448135,1
7/4/20 04:00,11.34045,7.074593,1
7/4/20 05:00,33.05883334,7.391648,1
7/4/20 06:00,141.0098333,6.493323,1
7/4/20 07:00,331.7883334,8.3284555,1
7/4/20 08:00,470.5633334,10.386618,1
7/4/20 09:00,592.0616667,12.60633,1
7/4/20 10:00,695.5133334,15.036925,1
7/4/20 11:00,768.1883334,16.82335,1
7/4/20 12:00,821.13,17.97003,1
7/4/20 13:00,835.1333334,18.50774,1
7/4/20 14:00,809.7433334,18.99334,1
7/4/20 15:00,647.15,20.011715,1
7/4/20 16:00,557.695,18.57866,1
7/4/20 17:00,489.1966667,18.78192,1
7/4/20 18:00,382.2833334,18.75245,1
7/4/20 19:00,251.7216667,15.97521,1
7/4/20 20:00,157.4016667,14.623115,1
7/4/20 21:00,59.004,13.716365,1
7/4/20 22:00,8.392900002,11.412795,1
7/4/20 23:00,0.2045,9.1087075,1
7/5/20 00:00,0,8.3176555,1
7/5/20 01:00,0,8.371895,1
7/5/20 02:00,0.132433334,8.23397,1
7/5/20 03:00,0.236766666,8.298178,1
7/5/20 04:00,2.26245,7.674507,1
7/5/20 05:00,10.06198333,7.8014285,1
7/5/20 06:00,14.1495,6.8191755,1
7/5/20 07:00,52.11933333,7.0412585,1
7/5/20 08:00,157.8333334,7.4318745,1
7/5/20 09:00,233.8433334,9.100025,1
7/5/20 10:00,359.695,9.890153,1
7/5/20 11:00,484.9666667,11.52739,1
7/5/20 12:00,344.3883334,12.17989,1
7/5/20 13:00,270.9133333,11.83105,1
7/5/20 14:00,184.9683334,11.017175,1
7/5/20 15:00,325.4916667,12.59752,1
7/5/20 16:00,479.3416667,13.197765,1
7/5/20 17:00,307.425,12.610075,1
7/5/20 18:00,258.3126667,13.1,1
7/5/20 19:00,41.2438,11.609765,1
7/5/20 20:00,41.54533333,10.449875,1
7/5/20 21:00,28.47883333,8.982569,1
7/5/20 22:00,17.98935,7.842718,1
7/5/20 23:00,0.502383334,7.2197515,1
7/6/20 00:00,0.2724,5.9738485,1
7/6/20 01:00,0.40695,5.7741255,1
7/6/20 02:00,0.628016667,6.017037,1
7/6/20 03:00,0.376383334,5.2573765,1
7/6/20 04:00,1.402416667,5.025592,1
7/6/20 05:00,6.935416667,5.3000195,1
7/6/20 06:00,16.552,5.606288,1
7/6/20 07:00,27.88216667,5.6270915,1
7/6/20 08:00,46.54966667,5.995965,1
7/6/20 09:00,111.0553334,6.798692,1
7/6/20 10:00,153.0966667,7.1978635,1
7/6/20 11:00,397.77,8.316845,1
7/6/20 12:00,763.4366667,11.898775,1
7/6/20 13:00,831.315,14.950425,1
7/6/20 14:00,789.545,16.79943,1
7/6/20 15:00,644.0733334,17.5687,1
7/6/20 16:00,368.0116667,15.21518,1
7/6/20 17:00,254.9483334,13.095585,1
7/6/20 18:00,359.1366667,12.96231,1
7/6/20 19:00,250.5033333,13.75749,1
7/6/20 20:00,113.6776667,11.882105,1
7/6/20 21:00,38.285,9.8034505,1
7/6/20 22:00,5.86805,8.2423525,1
7/6/20 23:00,0.09725,7.2409655,1
7/7/20 00:00,0,6.1754445,1
7/7/20 01:00,0,5.9650715,1
7/7/20 02:00,0.06375,5.542783,1
7/7/20 03:00,1.007883334,5.2788975,1
7/7/20 04:00,3.950033334,5.5955915,1
7/7/20 05:00,13.48983334,5.5209935,1
7/7/20 06:00,36.63833333,5.94356,1
7/7/20 07:00,55.64883333,5.710666,1
7/7/20 08:00,130.8603334,6.1961995,1
7/7/20 09:00,145.9533333,7.356621,1
7/7/20 10:00,227.48,8.2106925,1
7/7/20 11:00,543.9416667,10.5142,1
7/7/20 12:00,507.8116667,13.05615,1
7/7/20 13:00,545.8983334,13.65798,1
7/7/20 14:00,450.075,13.72128,1
7/7/20 15:00,743.585,15.0147,1
7/7/20 16:00,490.265,17.659,1
7/7/20 17:00,453.7483334,14.33147,1
7/7/20 18:00,380.3716667,16.71011,1
7/7/20 19:00,247.245,14.016865,1
7/7/20 20:00,100.916,14.18874,1
7/7/20 21:00,35.0555,11.101905,1
7/7/20 22:00,9.97785,10.35578,1
7/7/20 23:00,0.29505,8.6343365,1
7/8/20 00:00,0,6.9556455,1
7/8/20 01:00,0,6.21876,1
7/8/20 02:00,0,6.008113,1
7/8/20 03:00,0.124166667,5.449334,1
7/8/20 04:00,7.322316669,4.5839465,1
7/8/20 05:00,34.301,4.4575225,1
7/8/20 06:00,191.6366667,4.7423965,1
7/8/20 07:00,402.6116667,7.969136,1
7/8/20 08:00,638.18,10.5226555,1
7/8/20 09:00,634.0383333,13.552835,1
7/8/20 10:00,712.5466667,14.05502,1
7/8/20 11:00,792.805,16.0987,1
7/8/20 12:00,874.9,16.59795,1
7/8/20 13:00,855.585,17.814725,1
7/8/20 14:00,803.6633334,18.502395,1
7/8/20 15:00,736.6166667,18.874805,1
7/8/20 16:00,686.2983334,20.468205,1
7/8/20 17:00,559.0816667,21.089705,1
7/8/20 18:00,273.75,18.39515,1
7/8/20 19:00,133.875,16.347725,1
7/8/20 20:00,77.329,14.87087,1
7/8/20 21:00,28.65983333,14.249855,1
7/8/20 22:00,4.096816667,9.865978,1
7/8/20 23:00,0.004016667,7.080763,1
7/9/20 00:00,0,6.566039,1
7/9/20 01:00,0,5.4263985,1
7/9/20 02:00,0,5.8915395,1
7/9/20 03:00,0.096633334,5.479075,1
7/9/20 04:00,3.7555,5.310725,1
7/9/20 05:00,22.01733334,5.311202,1
7/9/20 06:00,82.63100002,5.6062965,1
7/9/20 07:00,313.295,6.2492605,1
7/9/20 08:00,456.0638333,8.833652,1
7/9/20 09:00,612.1733333,11.72956,1
7/9/20 10:00,675.92,13.924155,1
7/9/20 11:00,804.5816667,14.49109,1
7/9/20 12:00,835.2216667,16.4319,1
7/9/20 13:00,755.7816667,17.18121,1
7/9/20 14:00,772.785,18.65658,1
7/9/20 15:00,706.2833333,20.033695,1
7/9/20 16:00,616.3716667,20.498245,1
7/9/20 17:00,497.3616667,20.36158,1
7/9/20 18:00,330.2266667,20.500835,1
7/9/20 19:00,228.9933334,18.390035,1
7/9/20 20:00,109.1001667,15.0228,1
7/9/20 21:00,23.41233334,11.969235,1
7/9/20 22:00,10.00336667,8.842409,1
7/9/20 23:00,0.0057,7.471982,1
7/10/20 00:00,0,6.83974,1
7/10/20 01:00,0,6.418057,1
7/10/20 02:00,0,6.5348465,1
7/10/20 03:00,0,5.8069855,1
7/10/20 04:00,8.580183331,4.7521065,1
7/10/20 05:00,23.6865,4.2673405,1
7/10/20 06:00,131.1631667,4.6684225,1
7/10/20 07:00,352.3216667,7.1254595,1
7/10/20 08:00,490.505,9.023159,1
7/10/20 09:00,617.9833334,12.428345,1
7/10/20 10:00,585.3833333,14.495635,1
7/10/20 11:00,664.9383334,14.374675,1
7/10/20 12:00,721.6983334,15.66892,1
7/10/20 13:00,427.1666667,15.72039,1
7/10/20 14:00,327.5116667,16.96633,1
7/10/20 15:00,317.4883333,18.003185,1
7/10/20 16:00,499.1233334,17.35549,1
7/10/20 17:00,83.80233334,16.34553,1
7/10/20 18:00,145.9066667,13.99281,1
7/10/20 19:00,92.23966667,12.17286,1
7/10/20 20:00,36.32583333,9.8148555,1
7/10/20 21:00,28.90716667,8.61252,1
7/10/20 22:00,12.38838334,6.9545945,1
7/10/20 23:00,0.604083333,5.5523795,1
7/11/20 00:00,0.0637,5.784667,1
7/11/20 01:00,0.281516667,5.9856915,1
7/11/20 02:00,0.103,5.3840375,1
7/11/20 03:00,0.361683334,5.6690185,1
7/11/20 04:00,2.727616667,5.4893995,1
7/11/20 05:00,9.938183334,5.436714,1
7/11/20 06:00,19.1575,5.1309525,1
7/11/20 07:00,24.331,5.1941745,1
7/11/20 08:00,37.82366667,5.3102825,1
7/11/20 09:00,91.292,5.2681465,1
7/11/20 10:00,191.3433334,6.4603305,1
7/11/20 11:00,313.515,7.683483,1
7/11/20 12:00,468.56,9.8576805,1
7/11/20 13:00,587.6383334,12.02252,1
7/11/20 14:00,345.4583334,11.604645,1
7/11/20 15:00,134.6733334,10.159454,1
7/11/20 16:00,236.9316667,8.9060635,1
7/11/20 17:00,88.38949999,9.574058,1
7/11/20 18:00,62.998,8.3486385,1
7/11/20 19:00,99.45166667,7.957982,1
7/11/20 20:00,74.9225,7.3873715,1
7/11/20 21:00,29.19883334,6.627472,1
7/11/20 22:00,6.47415,6.8080805,1
7/11/20 23:00,0.461533334,6.734559,1
7/12/20 00:00,0.006708334,6.280512,1
7/12/20 01:00,0.164866917,5.9959295,1
7/12/20 02:00,0.127288083,5.574209,1
7/12/20 03:00,0.18723125,5.7222165,1
7/12/20 04:00,0.2261545,5.257618,1
7/12/20 05:00,3.754734167,5.2259845,1
7/12/20 06:00,15.00383767,5.287212725,1
7/12/20 07:00,25.4222095,5.608983005,1
7/12/20 08:00,64.439673,5.754375435,1
7/12/20 09:00,166.7430617,7.100504845,1
7/12/20 10:00,345.9916667,7.927015,1
7/12/20 11:00,367.575,10.101288,1
7/12/20 12:00,262.04,9.5169165,1
7/12/20 13:00,512.1283334,10.638965,1
7/12/20 14:00,109.3975,11.577895,1
7/12/20 15:00,353.2908333,10.800645,1
7/12/20 16:00,188.905,10.310533,1
7/12/20 17:00,246.2566667,10.03708,1
7/12/20 18:00,138.7371667,9.708882,1
7/12/20 19:00,69.48616667,9.40407,1
7/12/20 20:00,83.42374833,9.3975085,1
7/12/20 21:00,14.3444055,8.5098945,1
7/12/20 22:00,2.169361333,6.755128,1
7/12/20 23:00,0.076118,6.430472725,1
7/13/20 00:00,0.001981833,6.18052188,1
7/13/20 01:00,0.385776334,4.378877485,1
7/13/20 02:00,0.015507833,4.716633605,1
7/13/20 03:00,0.008009,4.878735255,1
7/13/20 04:00,5.316113833,4.61896193,1
7/13/20 05:00,41.191955,4.454049225,1
7/13/20 06:00,143.95444,4.61187714,1
7/13/20 07:00,148.0209733,6.19619084,1
7/13/20 08:00,297.547755,7.427163865,1
7/13/20 09:00,252.362185,8.61298157,1
7/13/20 10:00,575.1101333,10.91987024,1
7/13/20 11:00,578.1000833,12.117515,1
7/13/20 12:00,737.3655333,13.426775,1
7/13/20 13:00,774.24675,15.11762,1
7/13/20 14:00,775.0679,15.559995,1
7/13/20 15:00,783.6244167,17.34123,1
7/13/20 16:00,328.1557433,17.304455,1
7/13/20 17:00,368.9555633,14.565335,1
7/13/20 18:00,450.59384,13.08448,1
7/13/20 19:00,321.6656783,12.388965,1
7/13/20 20:00,192.7578083,11.18491,1
7/13/20 21:00,138.7743317,9.5692395,1
7/13/20 22:00,6.163776833,8.750365,1
7/13/20 23:00,0.077586667,6.4807415,1
7/14/20 00:00,0.003805333,5.321043,1
7/14/20 01:00,3.02E-05,6.07085272,1
7/14/20 02:00,0.0139905,5.261396905,1
7/14/20 03:00,0.002611,5.34943307,1
7/14/20 04:00,6.684107833,5.27076926,1
7/14/20 05:00,48.12115333,5.92806947,1
7/14/20 06:00,100.9946447,6.342150945,1
7/14/20 07:00,125.7696383,7.41505361,1
7/14/20 08:00,123.435895,7.64661306,1
7/14/20 09:00,191.88669,7.981266465,1
7/14/20 10:00,237.2717967,9.10670708,1
7/14/20 11:00,234.3475197,8.923410005,1
7/14/20 12:00,408.6126167,10.53782115,1
7/14/20 13:00,443.6094667,11.61183,1
7/14/20 14:00,460.29745,12.942095,1
7/14/20 15:00,316.2323833,14.019785,1
7/14/20 16:00,449.5791667,13.53236,1
7/14/20 17:00,196.0323205,12.37894,1
7/14/20 18:00,151.0367158,11.747115,1
7/14/20 19:00,190.745063,10.53256,1
7/14/20 20:00,112.0594167,9.5072175,1
7/14/20 21:00,32.09437983,8.3569585,1
7/14/20 22:00,10.45038,7.958915665,1
7/14/20 23:00,0.817651833,7.052999635,1
7/15/20 00:00,0.0217865,6.534161755,1
7/15/20 01:00,0,6.01427209,1
7/15/20 02:00,0.011887,5.910592895,1
7/15/20 03:00,0.010083333,5.66551151,1
7/15/20 04:00,4.197348,5.9968553,1
7/15/20 05:00,31.56680717,5.928354465,1
7/15/20 06:00,70.419747,6.38877063,1
7/15/20 07:00,112.2640117,7.445721065,1
7/15/20 08:00,212.103605,8.15789557,1
7/15/20 09:00,345.8058767,9.12730713,1
7/15/20 10:00,408.1862917,10.29300035,1
7/15/20 11:00,570.95965,12.21109051,1
7/15/20 12:00,420.43391,13.07200315,1
7/15/20 13:00,437.8378833,14.538595,1
7/15/20 14:00,774.7468167,15.977335,1
7/15/20 15:00,772.1319667,17.342685,1
7/15/20 16:00,619.0475167,17.10582,1
7/15/20 17:00,519.2756267,16.56566,1
7/15/20 18:00,304.6868733,15.491855,1
7/15/20 19:00,247.05997,13.00435,1
7/15/20 20:00,163.7472767,12.308585,1
7/15/20 21:00,73.61460633,10.31012,1
7/15/20 22:00,9.825924166,10.347967,1
7/15/20 23:00,0.478271833,10.5193,1
7/16/20 00:00,0.094876333,8.76441311,1
7/16/20 01:00,0.007089167,8.08985038,1
7/16/20 02:00,0.0834755,7.494625335,1
7/16/20 03:00,0.025216417,7.52100056,1
7/16/20 04:00,2.740718,7.295363125,1
7/16/20 05:00,15.64037683,8.08176922,1
7/16/20 06:00,42.31212433,7.394716445,1
7/16/20 07:00,81.89847667,7.225765675,1
7/16/20 08:00,251.9970378,10.12684213,1
7/16/20 09:00,493.93326,11.43463679,1
7/16/20 10:00,475.1402367,14.50982,1
7/16/20 11:00,567.8749933,14.8237,1
7/16/20 12:00,626.5912,16.22228,1
7/16/20 13:00,637.23175,17.683825,1
7/16/20 14:00,294.9404978,17.107505,1
7/16/20 15:00,330.0854056,15.41884,1
7/16/20 16:00,378.7855333,17.13549,1
7/16/20 17:00,188.4404578,14.395805,1
7/16/20 18:00,146.1200014,12.96005,1
7/16/20 19:00,107.1424633,13.00769,1
7/16/20 20:00,78.827553,12.03562,1
7/16/20 21:00,44.79411433,13.76801,1
7/16/20 22:00,10.52671317,10.73718,1
7/16/20 23:00,0.1688135,8.84455,1
7/17/20 00:00,0.215830667,6.996354,1
7/17/20 01:00,0.052690167,6.3748345,1
7/17/20 02:00,0.000979833,6.0062885,1
7/17/20 03:00,0.014358167,6.2815495,1
7/17/20 04:00,2.125199833,6.052660015,1
7/17/20 05:00,11.935658,6.189135595,1
7/17/20 06:00,53.25865667,7.09341411,1
7/17/20 07:00,106.4724867,8.289615215,1
7/17/20 08:00,209.31978,9.875769835,1
7/17/20 09:00,318.8688167,11.0776738,1
7/17/20 10:00,323.8010056,11.45072306,1
7/17/20 11:00,346.6312556,12.0552,1
7/17/20 12:00,438.76131,13.048775,1
7/17/20 13:00,398.4125089,14.03224,1
7/17/20 14:00,321.4744056,16.329985,1
7/17/20 15:00,223.2928021,15.766535,1
7/17/20 16:00,197.0442066,12.37733,1
7/17/20 17:00,262.3494461,12.106595,1
7/17/20 18:00,165.981338,11.21873,1
7/17/20 19:00,106.61938,10.75597,1
7/17/20 20:00,85.44405767,10.48864315,1
7/17/20 21:00,30.00083533,9.360803735,1
7/17/20 22:00,11.26178533,7.973787805,1
7/17/20 23:00,0.240892833,7.074585385,1
7/18/20 00:00,0.0698985,6.99257741,1
7/18/20 01:00,0.000348833,6.27798699,1
7/18/20 02:00,0.000322,5.865477585,1
7/18/20 03:00,0.095528667,5.850516175,1
7/18/20 04:00,0.977180167,5.77608276,1
7/18/20 05:00,15.99209083,5.79198811,1
7/18/20 06:00,69.32846533,5.881363955,1
7/18/20 07:00,118.0055767,7.10495269,1
7/18/20 08:00,283.2928967,8.66399194,1
7/18/20 09:00,542.0612,10.19995824,1
7/18/20 10:00,593.34285,12.984785,1
7/18/20 11:00,658.0346667,14.563545,1
7/18/20 12:00,721.8137667,15.52957,1
7/18/20 13:00,650.1549333,16.216225,1
7/18/20 14:00,320.9136589,14.582995,1
7/18/20 15:00,198.3970672,14.019195,1
7/18/20 16:00,187.1637294,11.96677,1
7/18/20 17:00,310.0771211,12.923635,1
7/18/20 18:00,156.2657994,12.594185,1
7/18/20 19:00,86.90733333,10.72205,1
7/18/20 20:00,81.79984167,10.47055,1
7/18/20 21:00,32.82276583,9.901957,1
7/18/20 22:00,5.0196495,8.939867,1
7/18/20 23:00,0.252837167,8.433933,1
7/19/20 00:00,0.338252167,7.387915,1
7/19/20 01:00,0.28311575,6.45567459,1
7/19/20 02:00,0.081288917,6.34857552,1
7/19/20 03:00,0.20974575,6.20226316,1
7/19/20 04:00,0.956567333,6.43805775,1
7/19/20 05:00,19.99209467,6.2515329,1
7/19/20 06:00,63.87046267,7.873969605,1
7/19/20 07:00,84.28968333,8.463481765,1
7/19/20 08:00,180.67529,8.546209275,1
7/19/20 09:00,252.433945,10.178927,1
7/19/20 10:00,377.6566833,10.91144738,1
7/19/20 11:00,670.8661167,13.248485,1
7/19/20 12:00,699.2192667,15.25754,1
7/19/20 13:00,398.0897433,15.14253,1
7/19/20 14:00,399.52785,16.467,1
7/19/20 15:00,201.8552158,15.31833,1
7/19/20 16:00,179.4552926,12.84281,1
7/19/20 17:00,152.8017219,13.30543,1
7/19/20 18:00,73.95841067,13.22211,1
7/19/20 19:00,12.30807583,8.27686126,1
7/19/20 20:00,12.57800017,7.394239935,1
7/19/20 21:00,11.87084667,7.477582,1
7/19/20 22:00,3.235092167,6.719472355,1
7/19/20 23:00,0.146534083,6.49817298,1
7/20/20 00:00,0.097362083,6.36898932,1
7/20/20 01:00,0.44118125,6.31880542,1
7/20/20 02:00,1.375280583,5.976826685,1
7/20/20 03:00,0.229783167,7.04042012,1
7/20/20 04:00,0.081113833,6.43443109,1
7/20/20 05:00,10.70873967,6.286962495,1
7/20/20 06:00,31.76691433,5.809789195,1
7/20/20 07:00,109.1923633,5.92407313,1
7/20/20 08:00,247.793585,7.378996375,1
7/20/20 09:00,230.2453817,8.4622742,1
7/20/20 10:00,337.7413383,9.237529725,1
7/20/20 11:00,394.50125,11.07084236,1
7/20/20 12:00,334.6655833,10.71284397,1
7/20/20 13:00,392.3603667,12.13605764,1
7/20/20 14:00,450.0714667,12.24151598,1
7/20/20 15:00,433.4995867,13.36564,1
7/20/20 16:00,336.4733556,12.19520106,1
7/20/20 17:00,358.3628333,12.59666817,1
7/20/20 18:00,162.3328347,10.92620213,1
7/20/20 19:00,84.49401,10.09045694,1
7/20/20 20:00,49.72498967,8.770642175,1
7/20/20 21:00,16.99641067,8.09598607,1
7/20/20 22:00,3.780404167,7.58889916,1
7/20/20 23:00,0.346810167,6.392621715,1
7/21/20 00:00,0.167896833,5.9695021,1
7/21/20 01:00,0.0749785,6.02870942,1
7/21/20 02:00,0.003310667,6.135089465,1
7/21/20 03:00,0.21496,5.554257405,1
7/21/20 04:00,1.409618167,5.859381535,1
7/21/20 05:00,15.30152967,6.34075232,1
7/21/20 06:00,32.50314083,6.63797189,1
7/21/20 07:00,65.14060167,6.101823085,1
7/21/20 08:00,127.2028567,7.75579172,1
7/21/20 09:00,190.230225,8.142415655,1
7/21/20 10:00,231.9717467,8.384904715,1
7/21/20 11:00,335.3313389,9.537427,1
7/21/20 12:00,642.3203167,13.04876,1
7/21/20 13:00,794.2026667,14.258495,1
7/21/20 14:00,765.9153833,15.009595,1
7/21/20 15:00,418.7763056,15.1024,1
7/21/20 16:00,188.563923,11.77291,1
7/21/20 17:00,147.0404767,10.0144445,1
7/21/20 18:00,208.7608605,9.32009,1
7/21/20 19:00,222.349085,9.330637,1
7/21/20 20:00,93.63983667,8.961424,1
7/21/20 21:00,34.50904833,7.7348965,1
7/21/20 22:00,5.644722833,7.49333,1
7/21/20 23:00,0.2485045,7.46333366,1
7/22/20 00:00,0.371005667,7.10043423,1
7/22/20 01:00,0.284375333,7.19036402,1
7/22/20 02:00,0.548196,6.533657165,1
7/22/20 03:00,0.2854885,5.838464785,1
7/22/20 04:00,0.602124167,5.516350005,1
7/22/20 05:00,3.248875167,5.81475289,1
7/22/20 06:00,6.111855166,6.257278695,1
7/22/20 07:00,31.38590267,5.745260935,1
7/22/20 08:00,68.14693667,5.90903449,1
7/22/20 09:00,92.06408334,7.223347615,1
7/22/20 10:00,214.336835,8.622867185,1
7/22/20 11:00,369.4591,9.88085,1
7/22/20 12:00,652.5717667,12.43946633,1
7/22/20 13:00,478.58815,11.978335,1
7/22/20 14:00,473.2538333,12.390495,1
7/22/20 15:00,120.888915,10.5451775,1
7/22/20 16:00,190.1142294,9.191324795,1
7/22/20 17:00,158.5594617,9.247414655,1
7/22/20 18:00,154.614685,9.05194543,1
7/22/20 19:00,90.940895,7.9548336,1
7/22/20 20:00,37.01161,6.908157155,1
7/22/20 21:00,14.52843817,7.067264555,1
7/22/20 22:00,3.748148833,5.712767815,1
7/22/20 23:00,0.175655833,5.49620977,1
7/23/20 00:00,0.042289,5.41301567,1
7/23/20 01:00,0.000395667,5.31849135,1
7/23/20 02:00,0.006875167,4.261326465,1
7/23/20 03:00,0.010867333,4.38465349,1
7/23/20 04:00,1.337906,3.968567255,1
7/23/20 05:00,14.20114017,4.36215224,1
7/23/20 06:00,38.12661333,4.063729375,1
7/23/20 07:00,163.4576567,4.271258865,1
7/23/20 08:00,284.4724433,6.625359245,1
7/23/20 09:00,564.3100767,9.18555394,1
7/23/20 10:00,641.42,10.929425,1
7/23/20 11:00,669.9623333,12.807415,1
7/23/20 12:00,781.2388833,14.365935,1
7/23/20 13:00,767.4219333,15.80492,1
7/23/20 14:00,700.25545,15.89613,1
7/23/20 15:00,330.1941333,13.71666,1
7/23/20 16:00,491.5682,14.35035,1
7/23/20 17:00,442.20539,12.81113,1
7/23/20 18:00,335.3583289,11.72429,1
7/23/20 19:00,185.4259867,11.852915,1
7/23/20 20:00,142.7899278,10.753375,1
7/23/20 21:00,53.32883533,10.226538,1
7/23/20 22:00,2.137065167,7.3017635,1
7/23/20 23:00,0.063267083,6.7450955,1
7/24/20 00:00,0.131428917,6.8617155,1
7/24/20 01:00,0.053008833,7.210508,1
7/24/20 02:00,0.092765167,5.91723811,1
7/24/20 03:00,0.008760167,5.951438875,1
7/24/20 04:00,0.076718917,5.60533651,1
7/24/20 05:00,11.78932533,5.32652641,1
7/24/20 06:00,33.12855533,5.21470559,1
7/24/20 07:00,88.21111,5.58934937,1
7/24/20 08:00,315.20785,7.380553515,1
7/24/20 09:00,513.9538817,10.28579163,1
7/24/20 10:00,392.8369667,11.65268,1
7/24/20 11:00,377.62661,11.269815,1
7/24/20 12:00,483.0373833,11.6406,1
7/24/20 13:00,522.5147,12.919895,1
7/24/20 14:00,495.3710867,12.832235,1
7/24/20 15:00,300.5494056,12.886105,1
7/24/20 16:00,177.1194352,11.87328,1
7/24/20 17:00,99.30868,10.00415,1
7/24/20 18:00,99.90821667,8.79076,1
7/24/20 19:00,74.06178,7.513183,1
7/24/20 20:00,46.11482117,6.8493985,1
7/24/20 21:00,12.00707467,7.18882,1
7/24/20 22:00,0.96226225,6.523453,1
7/24/20 23:00,0.046729,6.21762612,1
7/25/20 00:00,0.413134917,5.5114054,1
7/25/20 01:00,0.152108333,5.44958735,1
7/25/20 02:00,0.189392,4.912791615,1
7/25/20 03:00,0.157833917,5.35846716,1
7/25/20 04:00,0.129525333,5.69349889,1
7/25/20 05:00,4.149575833,5.049472405,1
7/25/20 06:00,38.518285,6.02953122,1
7/25/20 07:00,46.08033334,5.83503124,1
7/25/20 08:00,134.9739133,6.916742565,1
7/25/20 09:00,420.2862433,11.14643,1
7/25/20 10:00,229.28835,9.34248216,1
7/25/20 11:00,404.8020167,11.36484263,1
7/25/20 12:00,728.66895,13.347105,1
7/25/20 13:00,434.7635967,13.395695,1
7/25/20 14:00,411.4716033,12.814915,1
7/25/20 15:00,605.3392833,14.810085,1
7/25/20 16:00,609.5012333,16.094115,1
7/25/20 17:00,403.2311467,16.35774,1
7/25/20 18:00,175.6752533,15.159885,1
7/25/20 19:00,277.967225,15.63195,1
7/25/20 20:00,122.1714883,12.940325,1
7/25/20 21:00,40.668639,8.566742,1
7/25/20 22:00,3.086401833,7.2819245,1
7/25/20 23:00,0.000883,6.323181,1
7/26/20 00:00,0.016380167,5.3213645,1
7/26/20 01:00,0.0008035,5.5537835,1
7/26/20 02:00,0.105117,5.20335096,1
7/26/20 03:00,0.000224667,5.408330055,1
7/26/20 04:00,0.205152667,5.25356411,1
7/26/20 05:00,5.96084,5.429225255,1
7/26/20 06:00,27.05433617,5.23536757,1
7/26/20 07:00,38.708541,5.30467019,1
7/26/20 08:00,83.69473,5.443312085,1
7/26/20 09:00,114.9529467,5.960409525,1
7/26/20 10:00,63.66470667,5.30030153,1
7/26/20 11:00,98.31833167,5.57982064,1
7/26/20 12:00,417.444415,8.098463965,1
7/26/20 13:00,471.2666667,10.6143,1
7/26/20 14:00,442.500515,10.32518244,1
7/26/20 15:00,418.43,11.240295,1
7/26/20 16:00,302.445,11.88234,1
7/26/20 17:00,200.1866667,11.89439,1
7/26/20 18:00,164.7466667,10.4886905,1
7/26/20 19:00,94.74166669,8.5460375,1
7/26/20 20:00,45.87233334,8.4528855,1
7/26/20 21:00,10.96786667,7.9254025,1
7/26/20 22:00,0.960483333,6.152979,1
7/26/20 23:00,0,5.2784435,1
7/27/20 00:00,0,5.1522305,1
7/27/20 01:00,0,4.772979,1
7/27/20 02:00,0,4.3935555,1
7/27/20 03:00,0,4.488357,1
7/27/20 04:00,0.294633334,4.1721965,1
7/27/20 05:00,7.845816665,4.3830185,1
7/27/20 06:00,35.63116667,4.815105,1
7/27/20 07:00,132.114,5.3945545,1
7/27/20 08:00,225.6183334,5.995469,1
7/27/20 09:00,302.485,7.123537,1
7/27/20 10:00,370.1083334,8.833088,1
7/27/20 11:00,298.65,10.4161705,1
7/27/20 12:00,340.4866667,11.305695,1
7/27/20 13:00,392.0383334,11.99086,1
7/27/20 14:00,375.6583333,12.14771,1
7/27/20 15:00,584.0733334,12.697165,1
7/27/20 16:00,366.5633334,12.292035,1
7/27/20 17:00,267.6066667,11.459285,1
7/27/20 18:00,168.91,10.361185,1
7/27/20 19:00,95.40583334,9.941388,1
7/27/20 20:00,36.8275,8.8645495,1
7/27/20 21:00,8.250666666,7.8821505,1
7/27/20 22:00,0.607583333,7.196968,1
7/27/20 23:00,0.021116667,6.216219,1
7/28/20 00:00,0.076116667,6.660292,1
7/28/20 01:00,0,5.900339,1
7/28/20 02:00,0.006366667,5.6369095,1
7/28/20 03:00,0.0389,5.837984,1
7/28/20 04:00,0.492783333,6.017037,1
7/28/20 05:00,5.551316667,5.7425165,1
7/28/20 06:00,24.82916667,5.774129,1
7/28/20 07:00,70.056,5.34165,1
7/28/20 08:00,131.16,6.111598,1
7/28/20 09:00,359.0216667,7.5362005,1
7/28/20 10:00,559.99,10.2071805,1
7/28/20 11:00,687.995,13.026095,1
7/28/20 12:00,762.2566666,14.907635,1
7/28/20 13:00,646.92,16.43166,1
7/28/20 14:00,506.1816667,15.770775,1
7/28/20 15:00,513.99,15.328245,1
7/28/20 16:00,295.6033333,13.527785,1
7/28/20 17:00,260.6633334,12.803865,1
7/28/20 18:00,243.0483334,12.8365,1
7/28/20 19:00,162.21,11.75863,1
7/28/20 20:00,76.7575,10.118925,1
7/28/20 21:00,16.40108334,9.488036,1
7/28/20 22:00,1.026583334,8.3277835,1
7/28/20 23:00,0,7.61074,1
7/29/20 00:00,0,7.167818,1
7/29/20 01:00,0,6.6188795,1
7/29/20 02:00,0.024833334,6.8731945,1
7/29/20 03:00,0,6.3126955,1
7/29/20 04:00,0.17985,6.1867085,1
7/29/20 05:00,13.974,5.8386075,1
7/29/20 06:00,56.35116667,6.219116,1
7/29/20 07:00,207.5133334,6.872563,1
7/29/20 08:00,345.9966667,7.9576465,1
7/29/20 09:00,479.4266667,10.1113615,1
7/29/20 10:00,592.7333333,12.646465,1
7/29/20 11:00,668.1783333,15.03437,1
7/29/20 12:00,699.975,16.020175,1
7/29/20 13:00,696.8333333,17.113625,1
7/29/20 14:00,654.46,17.099585,1
7/29/20 15:00,577.4283333,16.82207,1
7/29/20 16:00,478.2983334,15.943545,1
7/29/20 17:00,361.0683334,16.12448,1
7/29/20 18:00,246.7016667,15.19221,1
7/29/20 19:00,147.1966667,13.533425,1
7/29/20 20:00,68.38116667,13.19769,1
7/29/20 21:00,19.49926667,11.654805,1
7/29/20 22:00,0.957283334,10.68429,1
7/29/20 23:00,0,9.4482,1
7/30/20 00:00,0,8.9843375,1
7/30/20 01:00,0,8.815509,1
7/30/20 02:00,0,8.234875,1
7/30/20 03:00,0,7.463378,1
7/30/20 04:00,0.06375,7.886767,1
7/30/20 05:00,13.08316667,7.062971,1
7/30/20 06:00,51.361,6.2599565,1
7/30/20 07:00,221.8033334,7.2098755,1
7/30/20 08:00,353.2933334,8.9400155,1
7/30/20 09:00,480.0116667,10.936265,1
7/30/20 10:00,584.115,12.6359,1
7/30/20 11:00,659.265,15.3551,1
7/30/20 12:00,696.0116667,16.562905,1
7/30/20 13:00,701.9,18.19504,1
7/30/20 14:00,648.0233333,18.68151,1
7/30/20 15:00,583.605,18.02512,1
7/30/20 16:00,483.4533333,18.077225,1
7/30/20 17:00,362.7983334,16.454115,1
7/30/20 18:00,244.2533334,16.8183,1
7/30/20 19:00,135.4566667,14.931705,1
7/30/20 20:00,56.78183334,13.84418,1
7/30/20 21:00,15.25986667,11.65547,1
7/30/20 22:00,0.686116667,9.267696,1
7/30/20 23:00,0,9.059373,1
7/31/20 00:00,0,9.3986195,1
7/31/20 01:00,0.00335,8.7529745,1
7/31/20 02:00,0,8.0869495,1
7/31/20 03:00,0,6.9246475,1
7/31/20 04:00,0.269033334,7.178917,1
7/31/20 05:00,10.05223334,6.830261,1
7/31/20 06:00,32.12166667,6.925212,1
7/31/20 07:00,72.54966667,7.4108555,1
7/31/20 08:00,147.8666667,7.684483,1
7/31/20 09:00,120.7283334,8.951668,1
7/31/20 10:00,225.9666667,9.2250975,1
7/31/20 11:00,304.1566667,11.0758,1
7/31/20 12:00,474.405,12.2158,1
7/31/20 13:00,298.8466667,14.00464,1
7/31/20 14:00,192.3933333,13.442575,1
7/31/20 15:00,199.229138,13.63083,1
7/31/20 16:00,109.1186667,12.476565,1
7/31/20 17:00,137.805,11.505965,1
7/31/20 18:00,170.3016667,12.10029,1
7/31/20 19:00,82.46133333,11.369225,1
7/31/20 20:00,50.71616667,10.216865,1
7/31/20 21:00,32.3396,9.731944,1
7/31/20 22:00,0.89175,9.4376925,1
7/31/20 23:00,0,8.6987255,1
8/1/20 00:00,0,6.881265,1
8/1/20 01:00,0,7.7071365,1
8/1/20 02:00,0,7.4859505,1
8/1/20 03:00,0,7.147315,1
8/1/20 04:00,0.307633334,6.8303205,1
8/1/20 05:00,9.266716666,7.1686735,1
8/1/20 06:00,50.1895,7.7172325,1
8/1/20 07:00,162.4063333,6.903359,1
8/1/20 08:00,313.8066667,9.1947945,1
8/1/20 09:00,278.4683334,10.155235,1
8/1/20 10:00,120.5618333,9.974199,1
8/1/20 11:00,68.007,8.64205,1
8/1/20 12:00,58.923,7.715084,1
8/1/20 13:00,67.86983334,7.821867,1
8/1/20 14:00,63.24116667,8.181156,1
8/1/20 15:00,76.1315,9.237958,1
8/1/20 16:00,99.86966665,9.290806,1
8/1/20 17:00,156.0348334,8.951967,1
8/1/20 18:00,249.2583334,11.28903,1
8/1/20 19:00,72.30183334,10.38637,1
8/1/20 20:00,54.4365,8.547103,1
8/1/20 21:00,14.78033333,7.2918185,1
8/1/20 22:00,0.560716667,6.596819,1
8/1/20 23:00,0.247483333,5.984649,1
8/2/20 00:00,0.033883334,6.5660255,1
8/2/20 01:00,0,6.8929845,1
8/2/20 02:00,0.022833333,6.2385855,1
8/2/20 03:00,0.068433334,5.6691175,1
8/2/20 04:00,0.017783334,5.753555,1
8/2/20 05:00,4.79465,5.637409,1
8/2/20 06:00,48.8355,6.0488985,1
8/2/20 07:00,152.2383334,6.967678,1
8/2/20 08:00,261.32,7.4518185,1
8/2/20 09:00,375.305,9.0140905,1
8/2/20 10:00,306.765,9.9215255,1
8/2/20 11:00,297.7833334,10.5555325,1
8/2/20 12:00,231.0566667,10.978015,1
8/2/20 13:00,224.0066667,9.835396,1
8/2/20 14:00,226.885,10.98043,1
8/2/20 15:00,205.84,11.69929,1
8/2/20 16:00,161.77,11.730885,1
8/2/20 17:00,120.8266667,11.678105,1
8/2/20 18:00,78.774,10.830285,1
8/2/20 19:00,37.74066667,11.076245,1
8/2/20 20:00,18.32833334,9.499012,1
8/2/20 21:00,5.84985,10.389625,1
8/2/20 22:00,0.10495,8.0733125,1
8/2/20 23:00,0.019433333,7.060547,1
8/3/20 00:00,0.020433334,6.438635,1
8/3/20 01:00,0.06475,6.2383375,1
8/3/20 02:00,0.015433334,6.3759735,1
8/3/20 03:00,0.019483334,6.2807825,1
8/3/20 04:00,0.023483334,5.267906,1
8/3/20 05:00,11.54058334,5.29012,1
8/3/20 06:00,51.67433334,5.501629,1
8/3/20 07:00,126.0125,6.102868,1
8/3/20 08:00,317.3633334,7.199747,1
8/3/20 09:00,597.5966667,9.913072,1
8/3/20 10:00,572.2783333,11.94965,1
8/3/20 11:00,624.255,12.85709,1
8/3/20 12:00,656.6666667,14.329605,1
8/3/20 13:00,396.915,15.261905,1
8/3/20 14:00,411.025,14.42236,1
8/3/20 15:00,545.8183334,15.38878,1
8/3/20 16:00,403.1183334,15.17249,1
8/3/20 17:00,294.945,14.455755,1
8/3/20 18:00,106.1966667,13.84252,1
8/3/20 19:00,77.2965,11.420295,1
8/3/20 20:00,28.563,8.608916,1
8/3/20 21:00,7.721816667,6.8698635,1
8/3/20 22:00,0.39335,6.4491295,1
8/3/20 23:00,0,5.711161,1
8/4/20 00:00,0,5.0576315,1
8/4/20 01:00,0,4.741972,1
8/4/20 02:00,0,4.3201865,1
8/4/20 03:00,0.122166667,5.2064545,1
8/4/20 04:00,0,5.068387,1
8/4/20 05:00,6.644216667,4.69947,1
8/4/20 06:00,37.891,3.9408065,1
8/4/20 07:00,268.0443334,4.5308825,1
8/4/20 08:00,392.6483334,6.9553455,1
8/4/20 09:00,598.6283334,9.161575,1
8/4/20 10:00,691.7016666,11.38835,1
8/4/20 11:00,760.06,13.100485,1
8/4/20 12:00,782.5066666,14.845495,1
8/4/20 13:00,751.4366667,16.21403,1
8/4/20 14:00,735.9516667,17.42255,1
8/4/20 15:00,735.1783334,17.429345,1
8/4/20 16:00,510.4416667,17.24607,1
8/4/20 17:00,191.5616667,14.829365,1
8/4/20 18:00,163.1968334,12.80379,1
8/4/20 19:00,95.3245,12.5002,1
8/4/20 20:00,53.481,10.0456165,1
8/4/20 21:00,13.90683333,8.653621,1
8/4/20 22:00,0.061683334,7.546046,1
8/4/20 23:00,0,6.965973,1
8/5/20 00:00,0,6.935461,1
8/5/20 01:00,0,5.6263905,1
8/5/20 02:00,0,5.722662,1
8/5/20 03:00,0,5.06816,1
8/5/20 04:00,0,4.8262575,1
8/5/20 05:00,8.507283332,4.657506,1
8/5/20 06:00,46.02333334,4.541996,1
8/5/20 07:00,218.7723334,6.1030895,1
8/5/20 08:00,458.82,8.000786,1
8/5/20 09:00,564.5516667,10.333176,1
8/5/20 10:00,635.2266667,12.731475,1
8/5/20 11:00,702.375,13.52233,1
8/5/20 12:00,828.6716667,15.2911,1
8/5/20 13:00,406.84,15.96656,1
8/5/20 14:00,94.53250002,13.670715,1
8/5/20 15:00,112.4281667,10.1096805,1
8/5/20 16:00,115.88,9.986381,1
8/5/20 17:00,133.3666667,8.9297025,1
8/5/20 18:00,114.895,8.919566,1
8/5/20 19:00,87.08216669,8.7714585,1
8/5/20 20:00,29.398,7.9671535,1
8/5/20 21:00,11.09808334,7.483106,1
8/5/20 22:00,0.632183333,6.4169635,1
8/5/20 23:00,0.211,5.541851,1
8/6/20 00:00,0.036916667,5.3311205,1
8/6/20 01:00,0,5.3840385,1
8/6/20 02:00,0,4.5831595,1
8/6/20 03:00,0,4.278345,1
8/6/20 04:00,0.413766667,3.9303015,1
8/6/20 05:00,6.16405,4.889841,1
8/6/20 06:00,35.46633333,4.298747,1
8/6/20 07:00,77.88783334,5.416815,1
8/6/20 08:00,428.0263334,6.3019645,1
8/6/20 09:00,592.6911667,8.528247,1
8/6/20 10:00,721.5333333,10.914335,1
8/6/20 11:00,769.8083334,13.885585,1
8/6/20 12:00,787.2316667,15.153695,1
8/6/20 13:00,752.6333333,16.405335,1
8/6/20 14:00,655.735,16.94589,1
8/6/20 15:00,566.4466667,16.69073,1
8/6/20 16:00,477.4283333,16.050665,1
8/6/20 17:00,346.3916667,16.497765,1
8/6/20 18:00,226.1166667,15.723045,1
8/6/20 19:00,97.63666667,13.522865,1
8/6/20 20:00,50.06666667,12.34247,1
8/6/20 21:00,10.38308334,11.58495,1
8/6/20 22:00,0,7.1126515,1
8/6/20 23:00,0,6.53455,1
8/7/20 00:00,0,5.1311625,1
8/7/20 01:00,0,5.733916,1
8/7/20 02:00,0,4.8155145,1
8/7/20 03:00,0,4.4680505,1
8/7/20 04:00,0.002016667,4.616169,1
8/7/20 05:00,3.300216667,4.035602,1
8/7/20 06:00,54.7355,3.6562855,1
8/7/20 07:00,337.4283333,5.3641475,1
8/7/20 08:00,176.2016667,7.281901,1
8/7/20 09:00,378.6783333,7.503604,1
8/7/20 10:00,594.7216667,10.1453145,1
8/7/20 11:00,612.1366667,13.305545,1
8/7/20 12:00,634.8933334,14.2762,1
8/7/20 13:00,404.3066667,15.21776,1
8/7/20 14:00,461.93,13.914165,1
8/7/20 15:00,436.215,14.115455,1
8/7/20 16:00,411.1816667,13.470065,1
8/7/20 17:00,363.8866667,14.105465,1
8/7/20 18:00,235.33,12.80278,1
8/7/20 19:00,91.75000002,11.42958,1
8/7/20 20:00,30.79266667,10.555435,1
8/7/20 21:00,8.698933332,11.659215,1
8/7/20 22:00,0,9.1514085,1
8/7/20 23:00,0,7.1232225,1
8/8/20 00:00,0.016766667,6.6503585,1
8/8/20 01:00,0,6.397317,1
8/8/20 02:00,0,6.0178265,1
8/8/20 03:00,0,6.525106,1
8/8/20 04:00,0,4.6884955,1
8/8/20 05:00,3.342783333,3.9933035,1
8/8/20 06:00,41.48533334,4.478381,1
8/8/20 07:00,188.1596667,4.994196,1
8/8/20 08:00,226.2216667,5.8268965,1
8/8/20 09:00,94.389,6.6283425,1
8/8/20 10:00,286.21,6.9667025,1
8/8/20 11:00,372.4733334,9.416989,1
8/8/20 12:00,387.775,11.11661,1
8/8/20 13:00,560.465,11.822955,1
8/8/20 14:00,392.9683334,13.77143,1
8/8/20 15:00,302.115,13.092185,1
8/8/20 16:00,346.0033333,13.61207,1
8/8/20 17:00,297.2383333,13.302205,1
8/8/20 18:00,184.8816667,13.132695,1
8/8/20 19:00,88.61883333,10.56244,1
8/8/20 20:00,53.4745,9.8906355,1
8/8/20 21:00,9.559066669,7.882822,1
8/8/20 22:00,0.0322,6.7545125,1
8/8/20 23:00,0,7.231281,1
8/9/20 00:00,0,6.512662,1
8/9/20 01:00,0.01375,6.2072305,1
8/9/20 02:00,0.0832,6.5135775,1
8/9/20 03:00,0.043616667,6.23888,1
8/9/20 04:00,0.0537,5.5320585,1
8/9/20 05:00,0.933933333,6.0602215,1
8/9/20 06:00,9.905999999,5.2576025,1
8/9/20 07:00,34.98433334,5.17353,1
8/9/20 08:00,65.84366667,5.448427,1
8/9/20 09:00,58.58666667,5.3634165,1
8/9/20 10:00,65.991,6.070217,1
8/9/20 11:00,215.5133334,6.270298,1
8/9/20 12:00,262.3533333,8.1498935,1
8/9/20 13:00,298.1933334,9.5830565,1
8/9/20 14:00,368.99,9.7079845,1
8/9/20 15:00,337.1583334,10.48947,1
8/9/20 16:00,154.5583334,10.16186,1
8/9/20 17:00,168.5333334,8.7470675,1
8/9/20 18:00,148.1983333,8.5481795,1
8/9/20 19:00,82.474,7.9461,1
8/9/20 20:00,21.38566667,7.428834,1
8/9/20 21:00,2.426683333,6.0476105,1
8/9/20 22:00,0,6.090313,1
8/9/20 23:00,0,5.4687805,1
8/10/20 00:00,0,5.226248,1
8/10/20 01:00,0.004033334,5.6064975,1
8/10/20 02:00,0.019766667,5.0045385,1
8/10/20 03:00,0.1909,4.9838895,1
8/10/20 04:00,0.331466667,5.1522465,1
8/10/20 05:00,1.741216667,5.036136,1
8/10/20 06:00,12.67456667,4.8570445,1
8/10/20 07:00,23.98883334,5.089033,1
8/10/20 08:00,33.75466667,5.1627865,1
8/10/20 09:00,89.52983334,5.2681325,1
8/10/20 10:00,153.9633334,6.1750905,1
8/10/20 11:00,333.3933333,7.1773745,1
8/10/20 12:00,215.8133334,8.4750395,1
8/10/20 13:00,250.3833334,7.9886095,1
8/10/20 14:00,218.2933334,8.156953,1
8/10/20 15:00,258.6183334,8.887146,1
8/10/20 16:00,147.09,8.8224135,1
8/10/20 17:00,133.9083334,7.892716,1
8/10/20 18:00,91.5985,7.894375,1
8/10/20 19:00,40.2745,7.333972,1
8/10/20 20:00,11.4608,6.5221185,1
8/10/20 21:00,2.219016667,6.1643095,1
8/10/20 22:00,0,6.322957,1
8/10/20 23:00,0,5.9329015,1
8/11/20 00:00,0.001,5.3424255,1
8/11/20 01:00,0,5.1309575,1
8/11/20 02:00,0,5.3317965,1
8/11/20 03:00,0,5.3526745,1
8/11/20 04:00,0,4.9307825,1
8/11/20 05:00,2.60595,4.646572,1
8/11/20 06:00,21.89666667,4.6149615,1
8/11/20 07:00,88.91316665,5.0047435,1
8/11/20 08:00,162.8233333,5.3205875,1
8/11/20 09:00,601.5433334,7.810412,1
8/11/20 10:00,559.3183334,11.125315,1
8/11/20 11:00,523.345,12.1884,1
8/11/20 12:00,491.1083334,12.09292,1
8/11/20 13:00,747.4783334,13.673085,1
8/11/20 14:00,696.575,14.952965,1
8/11/20 15:00,593.2533334,16.01227,1
8/11/20 16:00,458.7566667,15.712515,1
8/11/20 17:00,144.4616667,14.314475,1
8/11/20 18:00,104.3266667,9.727955,1
8/11/20 19:00,73.15683334,9.201767,1
8/11/20 20:00,39.65066667,7.5662185,1
8/11/20 21:00,6.281299999,6.8602695,1
8/11/20 22:00,0,6.0694885,1
8/11/20 23:00,0,5.352893,1
8/12/20 00:00,0,4.81512,1
8/12/20 01:00,0.013416667,4.457162,1
8/12/20 02:00,0.083883333,4.614954,1
8/12/20 03:00,0,4.562297,1
8/12/20 04:00,0.059016667,4.2460795,1
8/12/20 05:00,1.760183334,4.425338,1
8/12/20 06:00,15.68761667,4.3514205,1
8/12/20 07:00,37.965,5.057621,1
8/12/20 08:00,70.74,4.8781175,1
8/12/20 09:00,132.8366666,5.6692865,1
8/12/20 10:00,400.9866667,6.681984,1
8/12/20 11:00,614.8666667,10.2602755,1
8/12/20 12:00,641.8733333,11.83352,1
8/12/20 13:00,645.22,13.524535,1
8/12/20 14:00,647.2983334,13.364455,1
8/12/20 15:00,587.205,14.42353,1
8/12/20 16:00,455.4533334,14.40125,1
8/12/20 17:00,257.3183334,13.50893,1
8/12/20 18:00,235.2233334,12.401905,1
8/12/20 19:00,99.6825,12.60405,1
8/12/20 20:00,47.342,10.19236,1
8/12/20 21:00,4.594333334,7.660157,1
8/12/20 22:00,0,6.90181,1
8/12/20 23:00,0,6.2064875,1
8/13/20 00:00,0,5.2468375,1
8/13/20 01:00,0,4.477814,1
8/13/20 02:00,0,4.699233,1
8/13/20 03:00,0.001683334,4.5515525,1
8/13/20 04:00,0.004683333,4.256616,1
8/13/20 05:00,1.633866667,4.2776815,1
8/13/20 06:00,14.06395,4.298756,1
8/13/20 07:00,32.508,4.330354,1
8/13/20 08:00,59.56633334,4.614771,1
8/13/20 09:00,103.9906667,5.18387,1
8/13/20 10:00,132.3366666,5.5945215,1
8/13/20 11:00,197.2416667,6.543715,1
8/13/20 12:00,547.43,8.349661,1
8/13/20 13:00,239.5766667,9.8989135,1
8/13/20 14:00,452.7616667,10.186501,1
8/13/20 15:00,466.8266667,12.24622,1
8/13/20 16:00,280.8233334,12.740425,1
8/13/20 17:00,185.32,10.98264,1
8/13/20 18:00,143.5366667,9.5059815,1
8/13/20 19:00,112.7533334,8.895835,1
8/13/20 20:00,44.6955,8.5038625,1
8/13/20 21:00,3.37995,7.0174905,1
8/13/20 22:00,0.022116667,5.5523795,1
8/13/20 23:00,0,5.4472425,1
8/14/20 00:00,0,5.046672,1
8/14/20 01:00,0,5.173316,1
8/14/20 02:00,0,4.5831575,1
8/14/20 03:00,0,4.077564,1
8/14/20 04:00,0,3.9195765,1
8/14/20 05:00,1.34485,3.793189,1
8/14/20 06:00,14.92798334,4.088151,1
8/14/20 07:00,46.9555,4.4146205,1
8/14/20 08:00,80.229,4.5307065,1
8/14/20 09:00,83.1865,5.17353,1
8/14/20 10:00,202.8933333,5.7114185,1
8/14/20 11:00,372.3716667,7.1464165,1
8/14/20 12:00,413.7166667,9.850163,1
8/14/20 13:00,411.025,11.30807,1
8/14/20 14:00,509.5516667,13.191685,1
8/14/20 15:00,600.0783334,14.374295,1
8/14/20 16:00,356.9033334,16.75558,1
8/14/20 17:00,200.3066667,15.69387,1
8/14/20 18:00,107.7066667,14.552735,1
8/14/20 19:00,98.5965,16.62504,1
8/14/20 20:00,22.86566667,14.98122,1
8/14/20 21:00,2.371383333,14.019415,1
8/14/20 22:00,0.10625,13.798435,1
8/14/20 23:00,0.058316667,15.185855,1
8/15/20 00:00,0.281816667,14.444595,1
8/15/20 01:00,0.23795,12.58903,1
8/15/20 02:00,0.113283334,12.04988,1
8/15/20 03:00,0,9.139158,1
8/15/20 04:00,0.010716667,8.222953,1
8/15/20 05:00,3.602866667,6.9975655,1
8/15/20 06:00,33.78716667,6.1432515,1
8/15/20 07:00,65.9005,6.6818915,1
8/15/20 08:00,152.435,7.156578,1
8/15/20 09:00,166.56,8.465561,1
8/15/20 10:00,173.1233334,8.1365335,1
8/15/20 11:00,278.6333334,8.8132915,1
8/15/20 12:00,618.3016667,11.721435,1
8/15/20 13:00,530.6566667,13.641875,1
8/15/20 14:00,625.9566667,14.80713,1
8/15/20 15:00,372.62,18.4324,1
8/15/20 16:00,177.4416667,16.24483,1
8/15/20 17:00,159.1883333,15.347135,1
8/15/20 18:00,112.2325,14.957935,1
8/15/20 19:00,44.2785,13.78265,1
8/15/20 20:00,17.69013334,11.64395,1
8/15/20 21:00,2.185033334,9.1708075,1
8/15/20 22:00,0.016433334,8.126377,1
8/15/20 23:00,0.101616667,7.9164235,1
8/16/20 00:00,0.0208,8.0223675,1
8/16/20 01:00,0,6.9132505,1
8/16/20 02:00,0.014083334,7.030063,1
8/16/20 03:00,0.005366667,6.248616,1
8/16/20 04:00,0,6.1650935,1
8/16/20 05:00,1.987416667,5.880865,1
8/16/20 06:00,16.56478334,5.226652,1
8/16/20 07:00,129.604,4.846733,1
8/16/20 08:00,445.4216667,7.136646,1
8/16/20 09:00,609.8083333,10.9685,1
8/16/20 10:00,690.605,13.10992,1
8/16/20 11:00,738.9783334,13.879715,1
8/16/20 12:00,725.5866667,14.568365,1
8/16/20 13:00,717.0666667,16.660415,1
8/16/20 14:00,612.1583334,17.96617,1
8/16/20 15:00,564.4633334,17.16592,1
8/16/20 16:00,388.175,17.43151,1
8/16/20 17:00,313.4116667,16.26386,1
8/16/20 18:00,198.87,17.8256,1
8/16/20 19:00,96.752,14.9834,1
8/16/20 20:00,55.343,13.250025,1
8/16/20 21:00,5.01425,11.390315,1
8/16/20 22:00,0,10.0397345,1
8/16/20 23:00,0,10.117259,1
8/17/20 00:00,0,9.694536,1
8/17/20 01:00,0,8.0766495,1
8/17/20 02:00,0,6.925479,1
8/17/20 03:00,0,6.989773,1
8/17/20 04:00,0,5.226805,1
8/17/20 05:00,0.6791,5.0273025,1
8/17/20 06:00,13.4853,4.7847415,1
8/17/20 07:00,179.1123333,4.2573625,1
8/17/20 08:00,397.415,6.3867855,1
8/17/20 09:00,545.075,9.521264,1
8/17/20 10:00,533.1416666,11.18772,1
8/17/20 11:00,648.1,13.409525,1
8/17/20 12:00,471.745,14.232755,1
8/17/20 13:00,686.61,15.44238,1
8/17/20 14:00,437.5483333,16.66113,1
8/17/20 15:00,607.4966667,17.446385,1
8/17/20 16:00,290.5333334,17.14403,1
8/17/20 17:00,184.0816667,13.764735,1
8/17/20 18:00,49.6735,15.06425,1
8/17/20 19:00,14.3424,11.589375,1
8/17/20 20:00,4.58505,10.3246655,1
8/17/20 21:00,0.588316667,7.471624,1
8/17/20 22:00,0,6.5753325,1
8/17/20 23:00,0.035866667,6.006546,1
8/18/20 00:00,0.008733333,6.6616315,1
8/18/20 01:00,0.001333334,5.3629745,1
8/18/20 02:00,0,5.7438325,1
8/18/20 03:00,0,5.6587135,1
8/18/20 04:00,0,4.825651,1
8/18/20 05:00,0.547533334,5.3430195,1
8/18/20 06:00,14.30711667,5.9658365,1
8/18/20 07:00,68.60816667,4.867574,1
8/18/20 08:00,94.96399999,5.94409,1
8/18/20 09:00,136.1633334,5.5418265,1
8/18/20 10:00,267.5133334,6.279718,1
8/18/20 11:00,443.16,8.8347365,1
8/18/20 12:00,500.8433333,10.53475,1
8/18/20 13:00,735.15,12.32051,1
8/18/20 14:00,484.73,13.45229,1
8/18/20 15:00,367.2566667,13.992155,1
8/18/20 16:00,381.0233334,14.6055,1
8/18/20 17:00,121.9866667,12.295225,1
8/18/20 18:00,121.625,10.34262,1
8/18/20 19:00,87.92916669,9.604003,1
8/18/20 20:00,30.8085,7.9556125,1
8/18/20 21:00,2.198483334,6.922981,1
8/18/20 22:00,0,5.9319455,1
8/18/20 23:00,0.232083334,6.3023665,1
8/19/20 00:00,0,5.510456,1
8/19/20 01:00,0.005366667,5.574639,1
8/19/20 02:00,0.041233334,4.9097215,1
8/19/20 03:00,0.3949,4.941529,1
8/19/20 04:00,0.335466667,5.204918,1
8/19/20 05:00,0.568283334,4.962394,1
8/19/20 06:00,11.70135,5.099574,1
8/19/20 07:00,28.8065,5.205161,1
8/19/20 08:00,86.95466666,5.9435415,1
8/19/20 09:00,197.3166667,6.808407,1
8/19/20 10:00,305.1766667,7.7674665,1
8/19/20 11:00,423.255,9.584985,1
8/19/20 12:00,456.9016667,11.24283,1
8/19/20 13:00,527.0566667,12.945385,1
8/19/20 14:00,497.0183334,14.235205,1
8/19/20 15:00,571.0816667,15.72952,1
8/19/20 16:00,333.0066667,16.09353,1
8/19/20 17:00,173.6216667,12.672405,1
8/19/20 18:00,128.1783333,10.847315,1
8/19/20 19:00,52.89466667,10.21687,1
8/19/20 20:00,13.85565,8.643465,1
8/19/20 21:00,1.001733334,7.471325,1
8/19/20 22:00,0,7.2089815,1
8/19/20 23:00,0,6.5976295,1
8/20/20 00:00,0.007716667,6.4289655,1
8/20/20 01:00,0,6.1334545,1
8/20/20 02:00,0,6.0177745,1
8/20/20 03:00,0,5.5317785,1
8/20/20 04:00,0,5.300249,1
8/20/20 05:00,0.237866667,4.498893,1
8/20/20 06:00,29.45416667,4.03543,1
8/20/20 07:00,117.688,3.8247995,1
8/20/20 08:00,361.7733334,5.637743,1
8/20/20 09:00,468.53,7.3765045,1
8/20/20 10:00,440.83,9.720193,1
8/20/20 11:00,683.88,11.65511,1
8/20/20 12:00,703.5633333,14.161885,1
8/20/20 13:00,615.625,15.038775,1
8/20/20 14:00,588.7866666,14.795095,1
8/20/20 15:00,505.2016667,15.242665,1
8/20/20 16:00,370.6766667,18.08326,1
8/20/20 17:00,295.6233333,17.837045,1
8/20/20 18:00,108.4978333,15.185445,1
8/20/20 19:00,63.50466667,13.54833,1
8/20/20 20:00,23.3121,13.02163,1
8/20/20 21:00,1.16155,10.735775,1
8/20/20 22:00,0,9.964906,1
8/20/20 23:00,0,8.9196125,1
8/21/20 00:00,0,7.4729505,1
8/21/20 01:00,0,6.355262,1
8/21/20 02:00,0,5.5964185,1
8/21/20 03:00,0,4.847354,1
8/21/20 04:00,0,4.583933,1
8/21/20 05:00,0.075816667,4.8268775,1
8/21/20 06:00,15.4307,4.4258995,1
8/21/20 07:00,65.39433334,5.228361,1
8/21/20 08:00,129.175,5.543313,1
8/21/20 09:00,166.63,6.186678,1
8/21/20 10:00,319.2966667,7.632513,1
8/21/20 11:00,419.3166667,9.795709,1
8/21/20 12:00,433.33,11.5495,1
8/21/20 13:00,386.1483334,12.18292,1
8/21/20 14:00,434.84,12.30858,1
8/21/20 15:00,350.0766667,12.45743,1
8/21/20 16:00,266.3133333,12.65863,1
8/21/20 17:00,266.4216667,13.23103,1
8/21/20 18:00,129.2546667,13.1877,1
8/21/20 19:00,44.059,10.731235,1
8/21/20 20:00,15.32226667,10.027472,1
8/21/20 21:00,0.550783334,7.778347,1
8/21/20 22:00,0,6.41632533,0
8/21/20 23:00,0.000167667,6.063320455,0
8/22/20 00:00,0.141821,6.19148285,0
8/22/20 01:00,0,5.391752485,0
8/22/20 02:00,2.35E-05,5.21458327,0
8/22/20 03:00,2.35E-05,5.050347485,0
8/22/20 04:00,0.004168333,5.19037599,0
8/22/20 05:00,0.003372333,4.89917921,0
8/22/20 06:00,13.13722,4.962964035,0
8/22/20 07:00,79.68603334,5.16253487,0
8/22/20 08:00,196.1455617,6.0050905,0
8/22/20 09:00,332.7280267,8.30149872,0
8/22/20 10:00,583.8976833,11.63092247,0
8/22/20 11:00,619.6878333,12.98870687,0
8/22/20 12:00,655.3832333,15.44170765,0
8/22/20 13:00,555.0284267,16.0575018,0
8/22/20 14:00,636.0259,16.91105135,0
8/22/20 15:00,352.3830522,15.8233621,0
8/22/20 16:00,269.9276667,14.23181945,0
8/22/20 17:00,168.1436967,13.7166726,0
8/22/20 18:00,156.20717,13.2424281,0
8/22/20 19:00,140.596505,12.46368206,0
8/22/20 20:00,16.6896695,9.77105605,0
8/22/20 21:00,0.568336333,8.21020267,0
8/22/20 22:00,0.216735333,7.138500555,0
8/22/20 23:00,0.3241145,8.19741123,0
8/23/20 00:00,0.052730167,7.80779849,0
8/23/20 01:00,0.071690167,6.937113395,0
8/23/20 02:00,0.068534833,6.82112935,0
8/23/20 03:00,0.014250667,6.100362075,0
8/23/20 04:00,0.004565833,6.295450075,0
8/23/20 05:00,0,5.69043269,0
8/23/20 06:00,13.04667367,5.40901154,0
8/23/20 07:00,43.6181655,5.71825173,0
8/23/20 08:00,211.499685,6.129772965,0
8/23/20 09:00,462.8464383,9.187937465,0
8/23/20 10:00,578.7724717,11.52973209,0
8/23/20 11:00,621.9410667,13.46787205,0
8/23/20 12:00,329.718875,13.4861499,0
8/23/20 13:00,428.5550367,14.3888048,0
8/23/20 14:00,284.1006658,13.13628134,0
8/23/20 15:00,251.8930802,12.99309502,0
8/23/20 16:00,182.4144989,12.92237665,0
8/23/20 17:00,275.12512,11.80021211,0
8/23/20 18:00,169.6257917,12.78481999,0
8/23/20 19:00,148.5181767,11.9494694,0
8/23/20 20:00,9.875152667,10.03588699,0
8/23/20 21:00,0.2242965,8.882816995,0
8/23/20 22:00,0.0005035,7.08401796,0
8/23/20 23:00,0.017930167,6.592582505,0
8/24/20 00:00,0.099283,6.605583385,0
8/24/20 01:00,0.042401667,6.230561875,0
8/24/20 02:00,2.35E-05,5.24427539,0
8/24/20 03:00,0.0148945,5.19797805,0
8/24/20 04:00,0.012138833,5.635308845,0
8/24/20 05:00,4.02E-05,5.733243175,0
8/24/20 06:00,7.0915585,4.998845155,0
8/24/20 07:00,58.67021333,4.67358971,0
8/24/20 08:00,164.8618633,6.350177045,0
8/24/20 09:00,232.41704,7.325639245,0
8/24/20 10:00,357.4859117,8.925118585,0
8/24/20 11:00,413.7407,10.61102503,0
8/24/20 12:00,446.3694267,12.0749557,0
8/24/20 13:00,485.5261667,12.67832301,0
8/24/20 14:00,391.98405,12.40693326,0
8/24/20 15:00,329.7564267,12.1101179,0
8/24/20 16:00,422.9908,13.0951607,0
8/24/20 17:00,192.67746,11.21519048,0
8/24/20 18:00,127.0454583,9.90215385,0
8/24/20 19:00,57.03474467,9.23084812,0
8/24/20 20:00,18.617053,8.516327635,0
8/24/20 21:00,0.2516815,7.0317166,0
8/24/20 22:00,0.126280833,5.953522575,0
8/24/20 23:00,0.1189275,6.201369065,0
8/25/20 00:00,0.153502333,5.924154785,0
8/25/20 01:00,0.129922,5.53934696,0
8/25/20 02:00,0.157434167,5.43273164,0
8/25/20 03:00,0.669224167,5.251536905,0
8/25/20 04:00,0.4522915,5.17386748,0
8/25/20 05:00,0.239989333,5.2785614,0
8/25/20 06:00,4.7247965,5.30527992,0
8/25/20 07:00,24.09845417,5.007137365,0
8/25/20 08:00,102.9805827,5.38276106,0
8/25/20 09:00,123.4663867,6.024074945,0
8/25/20 10:00,173.0407417,7.190061785,0
8/25/20 11:00,175.3770267,7.52686211,0
8/25/20 12:00,209.98325,7.56042196,0
8/25/20 13:00,172.317015,7.320010945,0
8/25/20 14:00,105.10474,6.76372866,0
8/25/20 15:00,104.538915,6.416814905,0
8/25/20 16:00,104.777515,6.721219345,0
8/25/20 17:00,80.816885,6.74923138,0
8/25/20 18:00,50.55390467,6.32610978,0
8/25/20 19:00,31.93615633,6.11245869,0
8/25/20 20:00,12.56708983,4.92277599,0
8/25/20 21:00,0.0252625,4.513109065,0
8/25/20 22:00,0.2539735,4.349349175,0
8/25/20 23:00,0.35579375,4.325042845,0
8/26/20 00:00,0.431047,4.393515995,0
8/26/20 01:00,0.025721167,4.71572533,0
8/26/20 02:00,0.436106167,4.372250605,0
8/26/20 03:00,0.113465333,4.541132565,0
8/26/20 04:00,0.226794333,4.45140025,0
8/26/20 05:00,0.489838833,4.311227685,0
8/26/20 06:00,4.0306045,4.78145879,0
8/26/20 07:00,25.12525583,4.881619395,0
8/26/20 08:00,90.29737834,4.91074069,0
8/26/20 09:00,204.55573,6.44867065,0
8/26/20 10:00,413.4416217,8.86307511,0
8/26/20 11:00,378.3747217,9.44603892,0
8/26/20 12:00,432.9370333,10.50738346,0
8/26/20 13:00,406.4448167,11.02109245,0
8/26/20 14:00,318.206935,10.44358605,0
8/26/20 15:00,501.3083833,12.64335286,0
8/26/20 16:00,634.9984,14.60348275,0
8/26/20 17:00,442.6062,14.1050014,0
8/26/20 18:00,313.3176833,13.32036649,0
8/26/20 19:00,77.97807,10.2079322,0
8/26/20 20:00,18.2776595,8.024674635,0
8/26/20 21:00,0.854692333,6.042163725,0
8/26/20 22:00,0.001421167,5.590978695,0
8/26/20 23:00,0.17885475,5.659225575,0
8/27/20 00:00,0.000321333,5.39028607,0
8/27/20 01:00,0.020838,4.487671625,0
8/27/20 02:00,0.051680667,4.366322355,0
8/27/20 03:00,3.02E-05,4.808872385,0
8/27/20 04:00,0,4.374005495,0
8/27/20 05:00,0.001058333,4.316801865,0
8/27/20 06:00,7.848061333,4.081600645,0
8/27/20 07:00,106.40856,4.04199855,0
8/27/20 08:00,245.14064,4.478502305,0
8/27/20 09:00,358.464885,5.41058056,0
8/27/20 10:00,303.9811717,7.058046505,0
8/27/20 11:00,426.93908,8.58206504,0
8/27/20 12:00,362.4828083,9.424524395,0
8/27/20 13:00,472.1080717,10.73461465,0
8/27/20 14:00,606.6372167,11.62590822,0
8/27/20 15:00,337.302925,12.30367682,0
8/27/20 16:00,209.1840933,10.76476043,0
8/27/20 17:00,324.0503667,11.83441185,0
8/27/20 18:00,265.6228067,11.29904483,0
8/27/20 19:00,366.6873794,9.952976015,0
8/27/20 20:00,10.53962233,7.48735864,0
8/27/20 21:00,0.000614,5.196139,0
8/27/20 22:00,0.000352333,4.87695078,0
8/27/20 23:00,0.010316,5.183998525,0
8/28/20 00:00,0.001100333,4.87388523,0
8/28/20 01:00,0.023390167,4.478125905,0
8/28/20 02:00,0.001597667,4.727060445,0
8/28/20 03:00,0.001561833,4.507552925,0
8/28/20 04:00,0.0070185,4.375807165,0
8/28/20 05:00,0.008737667,3.867932315,0
8/28/20 06:00,8.015316667,3.84453806,0
8/28/20 07:00,162.0437617,4.342676625,0
8/28/20 08:00,301.0578917,5.149783655,0
8/28/20 09:00,354.6467333,6.663446595,0
8/28/20 10:00,574.9576533,8.61006289,0
8/28/20 11:00,626.9087833,10.76290839,0
8/28/20 12:00,701.2655667,11.97743698,0
8/28/20 13:00,656.4996,13.31121399,0
8/28/20 14:00,511.8304617,12.85044041,0
8/28/20 15:00,701.8811667,14.6076303,0
8/28/20 16:00,337.6956122,14.03089325,0
8/28/20 17:00,172.7436497,12.6829389,0
8/28/20 18:00,144.25452,11.96559744,0
8/28/20 19:00,92.63955167,11.37014658,0
8/28/20 20:00,19.54080033,7.528785895,0
8/28/20 21:00,0.05223225,6.887142825,0
8/28/20 22:00,0.045495667,6.15493658,0
8/28/20 23:00,0.016074833,6.042516845,0
8/29/20 00:00,0.092118417,6.488947815,0
8/29/20 01:00,0.091763167,6.08816171,0
8/29/20 02:00,0.043032667,6.132841385,0
8/29/20 03:00,0.017940167,5.67015815,0
8/29/20 04:00,0.016727667,5.640059555,0
8/29/20 05:00,0.090755,5.705850325,0
8/29/20 06:00,3.708931,4.9355926,0
8/29/20 07:00,32.62246667,5.53342269,0
8/29/20 08:00,65.56256334,5.577071545,0
8/29/20 09:00,208.20002,7.791809475,0
8/29/20 10:00,445.40513,8.61594818,0
8/29/20 11:00,617.1617167,11.6518894,0
8/29/20 12:00,386.009155,12.534362,0
8/29/20 13:00,620.1472667,14.74594905,0
8/29/20 14:00,637.88665,15.63498995,0
8/29/20 15:00,614.37905,16.02855405,0
8/29/20 16:00,398.3544317,14.2793774,0
8/29/20 17:00,159.2918617,12.05847428,0
8/29/20 18:00,94.47092333,11.97204667,0
8/29/20 19:00,34.42607967,10.14127028,0
8/29/20 20:00,5.624468667,7.570140895,0
8/29/20 21:00,0.0067395,6.937029675,0
8/29/20 22:00,0.017732833,6.408947165,0
8/29/20 23:00,0.092078917,6.635869565,0
8/30/20 00:00,0.17015,6.154078405,0
8/30/20 01:00,0.161829667,6.101792535,0
8/30/20 02:00,0.16630875,5.997825975,0
8/30/20 03:00,0.232914583,6.57962292,0
8/30/20 04:00,0.182671333,6.01146933,0
8/30/20 05:00,0.097183917,6.031246575,0
8/30/20 06:00,0.994766833,4.86411439,0
8/30/20 07:00,36.32419333,4.726981895,0
8/30/20 08:00,140.1767317,5.956903265,0
8/30/20 09:00,217.8239883,6.07092584,0
8/30/20 10:00,399.4193033,8.244922875,0
8/30/20 11:00,355.3228867,8.800466205,0
8/30/20 12:00,405.3565,10.05577107,0
8/30/20 13:00,421.5727167,10.70760851,0
8/30/20 14:00,188.333345,10.89949103,0
8/30/20 15:00,153.0853983,9.77575018,0
8/30/20 16:00,103.6058483,10.95088466,0
8/30/20 17:00,103.0862283,10.56962637,0
8/30/20 18:00,79.90789533,9.03866581,0
8/30/20 19:00,10.36761667,8.35209512,0
8/30/20 20:00,1.969347,8.52908991,0
8/30/20 21:00,0.041975833,6.44426817,0
8/30/20 22:00,0.049294667,6.20850456,0
8/30/20 23:00,0.0450615,5.86704188,0
8/31/20 00:00,0.19175425,5.4482883,0
8/31/20 01:00,0.002146,5.283645075,0
8/31/20 02:00,0.000728,4.8725825,0
8/31/20 03:00,0.000577167,5.33246518,0
8/31/20 04:00,0.0012445,5.043825885,0
8/31/20 05:00,0.001335,4.85363726,0
8/31/20 06:00,0.296788333,4.94947663,0
8/31/20 07:00,6.8350355,4.74028237,0
8/31/20 08:00,17.1218765,5.2346049,0
8/31/20 09:00,24.13024433,5.28185095,0
8/31/20 10:00,45.44343867,4.940435155,0
8/31/20 11:00,104.5698367,5.42919746,0
8/31/20 12:00,103.6991617,5.54143924,0
8/31/20 13:00,161.0174877,5.709146925,0
8/31/20 14:00,141.843337,6.12940216,0
8/31/20 15:00,125.265042,6.388499205,0
8/31/20 16:00,130.0242313,5.989414785,0
8/31/20 17:00,42.219785,5.46705855,0
8/31/20 18:00,26.37386883,4.87538875,0
8/31/20 19:00,11.28997183,5.277028815,0
8/31/20 20:00,0.920152667,5.10601494,0
8/31/20 21:00,0.26445575,5.103568205,0
8/31/20 22:00,0.253159917,5.2506937,0
8/31/20 23:00,0.34182075,4.73483293,0
9/1/20 00:00,0.2451425,4.8601053,0
9/1/20 01:00,0.153827667,4.32699057,0
9/1/20 02:00,0.382953167,3.908319505,0
9/1/20 03:00,0.506697333,3.81550592,0
9/1/20 04:00,0.435076,3.80887825,0
9/1/20 05:00,0.572198333,3.877780025,0
9/1/20 06:00,0.553255333,3.852698075,0
9/1/20 07:00,13.3847,4.211190595,0
9/1/20 08:00,37.201315,4.395246425,0
9/1/20 09:00,114.0692083,4.37439948,0
9/1/20 10:00,160.0787267,5.456560035,0
9/1/20 11:00,196.0636083,6.58477242,0
9/1/20 12:00,264.72285,7.55390349,0
9/1/20 13:00,357.1790667,9.19339057,0